Workbook

Sheet Question
A1: 9 | B1: 7 | C1: 2 | D1: 9 | E1: 5 | F1: 6 | G1: 6 | H1: 7 | I1: 3 | J1: 6 | K1: 4 | L1: 8 | M1: 3 | N1: 9 | O1: 9 | P1: 5 | Q1: 4 | R1: 4 | S1: 9 | T1: 2 | U1: 2 | V1: 6 | W1: 8 | X1: 5 | Y1: 5 | Z1: 7 | AA1: 8 | AB1: 9 | AC1: 3 | AD1: 3 | AE1: 4 | AF1: 0 | AG1: 8 | AH1: 2 | AI1: 7 | AJ1: 4 | AK1: 3 | AL1: 6 | AM1: 5 | AN1: 9 | AO1: 5 | AP1: 8 | AQ1: 6 | AR1: 4 | AS1: 9 | AT1: 3 | AU1: 4 | AV1: 6 | AW1: 7 | AX1: 9 | AY1: 6 | AZ1: 9 | BA1: 2 | BB1: 7 | BC1: 5 | BD1: 9 | BE1: 6 | BF1: 6 | BG1: 3 | BH1: 7 | BI1: 6 | BK1: =CONCATENATE(A1,B1,C1,D1,E1,F1,G1,H1,I1,J1,K1,L1,M1,N1,O1,P1,Q1,R1,S1,T1,U1,V1,W1,X1,Y1,Z1,AA1,AB1,AC1,AD1,AE1,AF1,AG1,AH1,AI1,AJ1,AK1,AL1,AM1,AN1,AO1,AP1,AQ1,AR1,AS1,AT1,AU1,AV1,AW1,AX1,AY1,AZ1,BA1,BB1,BC1,BD1,BE1,BF1,BG1,BH1,BI1) -> 9729566736483995449226855789334082743659586493467969275966376 | BL1: =CONCATENATE(A1,B1,C1,D1,E1,F1,G1,H1,I1,J1,K1,L1,M1,N1,O1,P1,Q1,R1,S1,T1,U1,V1,W1,X1,Y1,Z1,AA1,AB1,AC1,AD1,AE1,AF1,AG1,AH1,AI1,AJ1,AK1,AL1,AM1,AN1,AO1,AP1,AQ1,AR1,AS1,AT1,AU1,AV1,AW1,AX1,AY1,AZ1,BA1,BB1,BC1,BD1) -> 97295667364839954492268557893340827436595864934679692759 | BM1: ="["&A1&","&B1&","&C1&","&D1&","&E1&","&F1&","&G1&","&H1&","&I1&","&J1&","&K1&","&L1&","&M1&","&N1&","&O1&","&P1&","&Q1&","&R1&","&S1&","&T1&","&U1&","&V1&","&W1&","&X1&","&Y1&","&Z1&","&AA1&","&AB1&","&AC1&","&AD1&","&AE1&","&AF1&","&AG1&","&AH1&","&AI1&","&AJ1&","&AK1&","&AL1&","&AM1&","&AN1&","&AO1&","&AP1&","&AQ1&","&AR1&","&AS1&","&AT1&","&AU1&","&AV1&","&AW1&","&AX1&","&AY1&","&AZ1&","&BA1&","&BB1&","&BC1&","&BD1&"]," -> [9,7,2,9,5,6,6,7,3,6,4,8,3,9,9,5,4,4,9,2,2,6,8,5,5,7,8,9,3,3,4,0,8,2,7,4,3,6,5,9,5,8,6,4,9,3,4,6,7,9,6,9,2,7,5,9], | BW1: =MOD(A1+B1,10) -> 6 | BX1: =MOD(B1+C1,10) -> 9 | BY1: =MOD(C1+D1,10) -> 1 | BZ1: =MOD(D1+E1,10) -> 4 | CA1: =MOD(E1+F1,10) -> 1 | CB1: =MOD(F1+G1,10) -> 2 | CC1: =MOD(G1+H1,10) -> 3 | CD1: =MOD(H1+I1,10) -> 0 | ... DY1: =MOD(BC1+BD1,10) -> 4 | DZ1: ="["&BW1&","&BX1&","&BY1&","&BZ1&","&CA1&","&CB1&","&CC1&","&CD1&","&CE1&","&CF1&","&CG1&","&CH1&","&CI1&","&CJ1&","&CK1&","&CL1&","&CM1&","&CN1&","&CO1&","&CP1&","&CQ1&","&CR1&","&CS1&","&CT1&","&CU1&","&CV1&","&CW1&","&CX1&","&CY1&","&CZ1&","&DA1&","&DB1&","&DC1&","&DD1&","&DE1&","&DF1&","&DG1&","&DH1&","&DI1&","&DJ1&","&DK1&","&DL1&","&DM1&","&DN1&","&DO1&","&DP1&","&DQ1&","&DR1&","&DS1&","&DT1&","&DU1&","&DV1&","&DW1&","&DX1&","&DY1&"]," -> [6,9,1,4,1,2,3,0,9,0,2,1,2,8,4,9,8,3,1,4,8,4,3,0,2,5,7,2,6,7,4,8,0,9,1,7,9,1,4,4,3,4,0,3,2,7,0,3,6,5,5,1,9,2,4],
A2: 9 | B2: 9 | C2: 8 | D2: 4 | E2: 4 | F2: 6 | G2: 5 | H2: 2 | I2: 7 | J2: 7 | K2: 8 | L2: 9 | M2: 3 | N2: 3 | O2: 7 | P2: 1 | Q2: 6 | R2: 2 | S2: 5 | T2: 7 | U2: 9 | V2: 4 | W2: 2 | X2: 8 | Y2: 2 | Z2: 7 | AA2: 7 | AB2: 3 | AC2: 5 | AD2: 2 | AE2: 3 | AF2: 2 | AG2: 4 | AH2: 7 | AI2: 5 | AJ2: 8 | AK2: 6 | AL2: 9 | AM2: 8 | AN2: 4 | AO2: 5 | AP2: 3 | AQ2: 7 | AR2: 4 | AS2: 6 | AT2: 3 | AU2: 8 | AV2: 8 | AW2: 7 | AX2: 6 | AY2: 5 | AZ2: 9 | BA2: 8 | BB2: 9 | BC2: 4 | BD2: 4 | BE2: 5 | BF2: 6 | BG2: 7 | BH2: 2 | BI2: 7 | BK2: =CONCATENATE(A2,B2,C2,D2,E2,F2,G2,H2,I2,J2,K2,L2,M2,N2,O2,P2,Q2,R2,S2,T2,U2,V2,W2,X2,Y2,Z2,AA2,AB2,AC2,AD2,AE2,AF2,AG2,AH2,AI2,AJ2,AK2,AL2,AM2,AN2,AO2,AP2,AQ2,AR2,AS2,AT2,AU2,AV2,AW2,AX2,AY2,AZ2,BA2,BB2,BC2,BD2,BE2,BF2,BG2,BH2,BI2) -> 9984465277893371625794282773523247586984537463887659894456727 | BL2: =CONCATENATE(A2,B2,C2,D2,E2,F2,G2,H2,I2,J2,K2,L2,M2,N2,O2,P2,Q2,R2,S2,T2,U2,V2,W2,X2,Y2,Z2,AA2,AB2,AC2,AD2,AE2,AF2,AG2,AH2,AI2,AJ2,AK2,AL2,AM2,AN2,AO2,AP2,AQ2,AR2,AS2,AT2,AU2,AV2,AW2,AX2,AY2,AZ2,BA2,BB2,BC2,BD2) -> 99844652778933716257942827735232475869845374638876598944 | BM2: ="["&A2&","&B2&","&C2&","&D2&","&E2&","&F2&","&G2&","&H2&","&I2&","&J2&","&K2&","&L2&","&M2&","&N2&","&O2&","&P2&","&Q2&","&R2&","&S2&","&T2&","&U2&","&V2&","&W2&","&X2&","&Y2&","&Z2&","&AA2&","&AB2&","&AC2&","&AD2&","&AE2&","&AF2&","&AG2&","&AH2&","&AI2&","&AJ2&","&AK2&","&AL2&","&AM2&","&AN2&","&AO2&","&AP2&","&AQ2&","&AR2&","&AS2&","&AT2&","&AU2&","&AV2&","&AW2&","&AX2&","&AY2&","&AZ2&","&BA2&","&BB2&","&BC2&","&BD2&"]," -> [9,9,8,4,4,6,5,2,7,7,8,9,3,3,7,1,6,2,5,7,9,4,2,8,2,7,7,3,5,2,3,2,4,7,5,8,6,9,8,4,5,3,7,4,6,3,8,8,7,6,5,9,8,9,4,4], | BW2: =MOD(A2+B2,10) -> 8 | BX2: =MOD(B2+C2,10) -> 7 | BY2: =MOD(C2+D2,10) -> 2 | BZ2: =MOD(D2+E2,10) -> 8 | CA2: =MOD(E2+F2,10) -> 0 | CB2: =MOD(F2+G2,10) -> 1 | CC2: =MOD(G2+H2,10) -> 7 | CD2: =MOD(H2+I2,10) -> 9 | ... DY2: =MOD(BC2+BD2,10) -> 8 | DZ2: ="["&BW2&","&BX2&","&BY2&","&BZ2&","&CA2&","&CB2&","&CC2&","&CD2&","&CE2&","&CF2&","&CG2&","&CH2&","&CI2&","&CJ2&","&CK2&","&CL2&","&CM2&","&CN2&","&CO2&","&CP2&","&CQ2&","&CR2&","&CS2&","&CT2&","&CU2&","&CV2&","&CW2&","&CX2&","&CY2&","&CZ2&","&DA2&","&DB2&","&DC2&","&DD2&","&DE2&","&DF2&","&DG2&","&DH2&","&DI2&","&DJ2&","&DK2&","&DL2&","&DM2&","&DN2&","&DO2&","&DP2&","&DQ2&","&DR2&","&DS2&","&DT2&","&DU2&","&DV2&","&DW2&","&DX2&","&DY2&"]," -> [8,7,2,8,0,1,7,9,4,5,7,2,6,0,8,7,8,7,2,6,3,6,0,0,9,4,0,8,7,5,5,6,1,2,3,4,5,7,2,9,8,0,1,0,9,1,6,5,3,1,4,7,7,3,8],
A3: 0 | B3: 3 | C3: 6 | D3: 8 | E3: 3 | F3: 4 | G3: 5 | H3: 7 | I3: 6 | J3: 3 | K3: 5 | L3: 9 | M3: 4 | N3: 2 | O3: 4 | P3: 7 | Q3: 9 | R3: 2 | S3: 5 | T3: 6 | U3: 7 | V3: 4 | W3: 3 | X3: 2 | Y3: 6 | Z3: 9 | AA3: 5 | AB3: 8 | AC3: 8 | AD3: 7 | AE3: 5 | AF3: 3 | AG3: 8 | AH3: 6 | AI3: 6 | AJ3: 4 | AK3: 9 | AL3: 7 | AM3: 2 | AN3: 8 | AO3: 5 | AP3: 5 | AQ3: 4 | AR3: 8 | AS3: 3 | AT3: 9 | AU3: 9 | AV3: 6 | AW3: 8 | AX3: 2 | AY3: 2 | AZ3: 0 | BA3: 6 | BB3: 3 | BC3: 3 | BD3: 8 | BE3: 5 | BF3: 4 | BG3: 6 | BH3: 7 | BI3: 3 | BK3: =CONCATENATE(A3,B3,C3,D3,E3,F3,G3,H3,I3,J3,K3,L3,M3,N3,O3,P3,Q3,R3,S3,T3,U3,V3,W3,X3,Y3,Z3,AA3,AB3,AC3,AD3,AE3,AF3,AG3,AH3,AI3,AJ3,AK3,AL3,AM3,AN3,AO3,AP3,AQ3,AR3,AS3,AT3,AU3,AV3,AW3,AX3,AY3,AZ3,BA3,BB3,BC3,BD3,BE3,BF3,BG3,BH3,BI3) -> 0368345763594247925674326958875386649728554839968220633854673 | BL3: =CONCATENATE(A3,B3,C3,D3,E3,F3,G3,H3,I3,J3,K3,L3,M3,N3,O3,P3,Q3,R3,S3,T3,U3,V3,W3,X3,Y3,Z3,AA3,AB3,AC3,AD3,AE3,AF3,AG3,AH3,AI3,AJ3,AK3,AL3,AM3,AN3,AO3,AP3,AQ3,AR3,AS3,AT3,AU3,AV3,AW3,AX3,AY3,AZ3,BA3,BB3,BC3,BD3) -> 03683457635942479256743269588753866497285548399682206338 | BM3: ="["&A3&","&B3&","&C3&","&D3&","&E3&","&F3&","&G3&","&H3&","&I3&","&J3&","&K3&","&L3&","&M3&","&N3&","&O3&","&P3&","&Q3&","&R3&","&S3&","&T3&","&U3&","&V3&","&W3&","&X3&","&Y3&","&Z3&","&AA3&","&AB3&","&AC3&","&AD3&","&AE3&","&AF3&","&AG3&","&AH3&","&AI3&","&AJ3&","&AK3&","&AL3&","&AM3&","&AN3&","&AO3&","&AP3&","&AQ3&","&AR3&","&AS3&","&AT3&","&AU3&","&AV3&","&AW3&","&AX3&","&AY3&","&AZ3&","&BA3&","&BB3&","&BC3&","&BD3&"]," -> [0,3,6,8,3,4,5,7,6,3,5,9,4,2,4,7,9,2,5,6,7,4,3,2,6,9,5,8,8,7,5,3,8,6,6,4,9,7,2,8,5,5,4,8,3,9,9,6,8,2,2,0,6,3,3,8], | BW3: =MOD(A3+B3,10) -> 3 | BX3: =MOD(B3+C3,10) -> 9 | BY3: =MOD(C3+D3,10) -> 4 | BZ3: =MOD(D3+E3,10) -> 1 | CA3: =MOD(E3+F3,10) -> 7 | CB3: =MOD(F3+G3,10) -> 9 | CC3: =MOD(G3+H3,10) -> 2 | CD3: =MOD(H3+I3,10) -> 3 | ... DY3: =MOD(BC3+BD3,10) -> 1 | DZ3: ="["&BW3&","&BX3&","&BY3&","&BZ3&","&CA3&","&CB3&","&CC3&","&CD3&","&CE3&","&CF3&","&CG3&","&CH3&","&CI3&","&CJ3&","&CK3&","&CL3&","&CM3&","&CN3&","&CO3&","&CP3&","&CQ3&","&CR3&","&CS3&","&CT3&","&CU3&","&CV3&","&CW3&","&CX3&","&CY3&","&CZ3&","&DA3&","&DB3&","&DC3&","&DD3&","&DE3&","&DF3&","&DG3&","&DH3&","&DI3&","&DJ3&","&DK3&","&DL3&","&DM3&","&DN3&","&DO3&","&DP3&","&DQ3&","&DR3&","&DS3&","&DT3&","&DU3&","&DV3&","&DW3&","&DX3&","&DY3&"]," -> [3,9,4,1,7,9,2,3,9,8,4,3,6,6,1,6,1,7,1,3,1,7,5,8,5,4,3,6,5,2,8,1,4,2,0,3,6,9,0,3,0,9,2,1,2,8,5,4,0,4,2,6,9,6,1],
A4: 4 | B4: 2 | C4: 6 | D4: 4 | E4: 3 | F4: 7 | G4: 9 | H4: 6 | I4: 5 | J4: 4 | K4: 8 | L4: 6 | M4: 7 | N4: 7 | O4: 2 | P4: 3 | Q4: 3 | R4: 4 | S4: 9 | T4: 5 | U4: 2 | V4: 7 | W4: 6 | X4: 8 | Y4: 8 | Z4: 9 | AA4: 2 | AB4: 4 | AC4: 5 | AD4: 3 | AE4: 9 | AF4: 8 | AG4: 5 | AH4: 5 | AI4: 6 | AJ4: 3 | AK4: 2 | AL4: 9 | AM4: 4 | AN4: 4 | AO4: 6 | AP4: 2 | AQ4: 2 | AR4: 8 | AS4: 7 | AT4: 5 | AU4: 9 | AV4: 9 | AW4: 7 | AX4: 3 | AY4: 8 | AZ4: 4 | BA4: 6 | BB4: 2 | BC4: 3 | BD4: 4 | BE4: 9 | BF4: 7 | BG4: 5 | BH4: 6 | BI4: 4 | BK4: =CONCATENATE(A4,B4,C4,D4,E4,F4,G4,H4,I4,J4,K4,L4,M4,N4,O4,P4,Q4,R4,S4,T4,U4,V4,W4,X4,Y4,Z4,AA4,AB4,AC4,AD4,AE4,AF4,AG4,AH4,AI4,AJ4,AK4,AL4,AM4,AN4,AO4,AP4,AQ4,AR4,AS4,AT4,AU4,AV4,AW4,AX4,AY4,AZ4,BA4,BB4,BC4,BD4,BE4,BF4,BG4,BH4,BI4) -> 4264379654867723349527688924539855632944622875997384623497564 | BL4: =CONCATENATE(A4,B4,C4,D4,E4,F4,G4,H4,I4,J4,K4,L4,M4,N4,O4,P4,Q4,R4,S4,T4,U4,V4,W4,X4,Y4,Z4,AA4,AB4,AC4,AD4,AE4,AF4,AG4,AH4,AI4,AJ4,AK4,AL4,AM4,AN4,AO4,AP4,AQ4,AR4,AS4,AT4,AU4,AV4,AW4,AX4,AY4,AZ4,BA4,BB4,BC4,BD4) -> 42643796548677233495276889245398556329446228759973846234 | BM4: ="["&A4&","&B4&","&C4&","&D4&","&E4&","&F4&","&G4&","&H4&","&I4&","&J4&","&K4&","&L4&","&M4&","&N4&","&O4&","&P4&","&Q4&","&R4&","&S4&","&T4&","&U4&","&V4&","&W4&","&X4&","&Y4&","&Z4&","&AA4&","&AB4&","&AC4&","&AD4&","&AE4&","&AF4&","&AG4&","&AH4&","&AI4&","&AJ4&","&AK4&","&AL4&","&AM4&","&AN4&","&AO4&","&AP4&","&AQ4&","&AR4&","&AS4&","&AT4&","&AU4&","&AV4&","&AW4&","&AX4&","&AY4&","&AZ4&","&BA4&","&BB4&","&BC4&","&BD4&"]," -> [4,2,6,4,3,7,9,6,5,4,8,6,7,7,2,3,3,4,9,5,2,7,6,8,8,9,2,4,5,3,9,8,5,5,6,3,2,9,4,4,6,2,2,8,7,5,9,9,7,3,8,4,6,2,3,4], | BW4: =MOD(A4+B4,10) -> 6 | BX4: =MOD(B4+C4,10) -> 8 | BY4: =MOD(C4+D4,10) -> 0 | BZ4: =MOD(D4+E4,10) -> 7 | CA4: =MOD(E4+F4,10) -> 0 | CB4: =MOD(F4+G4,10) -> 6 | CC4: =MOD(G4+H4,10) -> 5 | CD4: =MOD(H4+I4,10) -> 1 | ... DY4: =MOD(BC4+BD4,10) -> 7 | DZ4: ="["&BW4&","&BX4&","&BY4&","&BZ4&","&CA4&","&CB4&","&CC4&","&CD4&","&CE4&","&CF4&","&CG4&","&CH4&","&CI4&","&CJ4&","&CK4&","&CL4&","&CM4&","&CN4&","&CO4&","&CP4&","&CQ4&","&CR4&","&CS4&","&CT4&","&CU4&","&CV4&","&CW4&","&CX4&","&CY4&","&CZ4&","&DA4&","&DB4&","&DC4&","&DD4&","&DE4&","&DF4&","&DG4&","&DH4&","&DI4&","&DJ4&","&DK4&","&DL4&","&DM4&","&DN4&","&DO4&","&DP4&","&DQ4&","&DR4&","&DS4&","&DT4&","&DU4&","&DV4&","&DW4&","&DX4&","&DY4&"]," -> [6,8,0,7,0,6,5,1,9,2,4,3,4,9,5,6,7,3,4,7,9,3,4,6,7,1,6,9,8,2,7,3,0,1,9,5,1,3,8,0,8,4,0,5,2,4,8,6,0,1,2,0,8,5,7],
A5: 6 | B5: 2 | C5: 7 | D5: 9 | E5: 5 | F5: 5 | G5: 7 | H5: 8 | I5: 5 | J5: 4 | K5: 9 | L5: 7 | M5: 7 | N5: 2 | O5: 4 | P5: 3 | Q5: 8 | R5: 6 | S5: 9 | T5: 2 | U5: 2 | V5: 8 | W5: 7 | X5: 3 | Y5: 9 | Z5: 4 | AA5: 4 | AB5: 5 | AC5: 6 | AD5: 6 | AE5: 3 | AF5: 2 | AG5: 9 | AH5: 8 | AI5: 8 | AJ5: 3 | AK5: 5 | AL5: 1 | AM5: 7 | AN5: 8 | AO5: 2 | AP5: 5 | AQ5: 3 | AR5: 6 | AS5: 6 | AT5: 9 | AU5: 3 | AV5: 5 | AW5: 8 | AX5: 4 | AY5: 7 | AZ5: 6 | BA5: 7 | BB5: 2 | BC5: 5 | BD5: 9 | BE5: 7 | BF5: 5 | BG5: 5 | BH5: 8 | BI5: 4 | BK5: =CONCATENATE(A5,B5,C5,D5,E5,F5,G5,H5,I5,J5,K5,L5,M5,N5,O5,P5,Q5,R5,S5,T5,U5,V5,W5,X5,Y5,Z5,AA5,AB5,AC5,AD5,AE5,AF5,AG5,AH5,AI5,AJ5,AK5,AL5,AM5,AN5,AO5,AP5,AQ5,AR5,AS5,AT5,AU5,AV5,AW5,AX5,AY5,AZ5,BA5,BB5,BC5,BD5,BE5,BF5,BG5,BH5,BI5) -> 6279557854977243869228739445663298835178253669358476725975584 | BL5: =CONCATENATE(A5,B5,C5,D5,E5,F5,G5,H5,I5,J5,K5,L5,M5,N5,O5,P5,Q5,R5,S5,T5,U5,V5,W5,X5,Y5,Z5,AA5,AB5,AC5,AD5,AE5,AF5,AG5,AH5,AI5,AJ5,AK5,AL5,AM5,AN5,AO5,AP5,AQ5,AR5,AS5,AT5,AU5,AV5,AW5,AX5,AY5,AZ5,BA5,BB5,BC5,BD5) -> 62795578549772438692287394456632988351782536693584767259 | BM5: ="["&A5&","&B5&","&C5&","&D5&","&E5&","&F5&","&G5&","&H5&","&I5&","&J5&","&K5&","&L5&","&M5&","&N5&","&O5&","&P5&","&Q5&","&R5&","&S5&","&T5&","&U5&","&V5&","&W5&","&X5&","&Y5&","&Z5&","&AA5&","&AB5&","&AC5&","&AD5&","&AE5&","&AF5&","&AG5&","&AH5&","&AI5&","&AJ5&","&AK5&","&AL5&","&AM5&","&AN5&","&AO5&","&AP5&","&AQ5&","&AR5&","&AS5&","&AT5&","&AU5&","&AV5&","&AW5&","&AX5&","&AY5&","&AZ5&","&BA5&","&BB5&","&BC5&","&BD5&"]," -> [6,2,7,9,5,5,7,8,5,4,9,7,7,2,4,3,8,6,9,2,2,8,7,3,9,4,4,5,6,6,3,2,9,8,8,3,5,1,7,8,2,5,3,6,6,9,3,5,8,4,7,6,7,2,5,9], | BW5: =MOD(A5+B5,10) -> 8 | BX5: =MOD(B5+C5,10) -> 9 | BY5: =MOD(C5+D5,10) -> 6 | BZ5: =MOD(D5+E5,10) -> 4 | CA5: =MOD(E5+F5,10) -> 0 | CB5: =MOD(F5+G5,10) -> 2 | CC5: =MOD(G5+H5,10) -> 5 | CD5: =MOD(H5+I5,10) -> 3 | ... DY5: =MOD(BC5+BD5,10) -> 4 | DZ5: ="["&BW5&","&BX5&","&BY5&","&BZ5&","&CA5&","&CB5&","&CC5&","&CD5&","&CE5&","&CF5&","&CG5&","&CH5&","&CI5&","&CJ5&","&CK5&","&CL5&","&CM5&","&CN5&","&CO5&","&CP5&","&CQ5&","&CR5&","&CS5&","&CT5&","&CU5&","&CV5&","&CW5&","&CX5&","&CY5&","&CZ5&","&DA5&","&DB5&","&DC5&","&DD5&","&DE5&","&DF5&","&DG5&","&DH5&","&DI5&","&DJ5&","&DK5&","&DL5&","&DM5&","&DN5&","&DO5&","&DP5&","&DQ5&","&DR5&","&DS5&","&DT5&","&DU5&","&DV5&","&DW5&","&DX5&","&DY5&"]," -> [8,9,6,4,0,2,5,3,9,3,6,4,9,6,7,1,4,5,1,4,0,5,0,2,3,8,9,1,2,9,5,1,7,6,1,8,6,8,5,0,7,8,9,2,5,2,8,3,2,1,3,3,9,7,4],
A6: 8 | B6: 8 | C6: 4 | D6: 5 | E6: 3 | F6: 8 | G6: 7 | H6: 7 | I6: 2 | J6: 9 | K6: 6 | L6: 5 | M6: 4 | N6: 4 | O6: 7 | P6: 6 | Q6: 2 | R6: 8 | S6: 9 | T6: 9 | U6: 3 | V6: 2 | W6: 0 | X6: 2 | Y6: 5 | Z6: 2 | AA6: 3 | AB6: 6 | AC6: 4 | AD6: 8 | AE6: 2 | AF6: 6 | AG6: 7 | AH6: 4 | AI6: 6 | AJ6: 5 | AK6: 9 | AL6: 6 | AM6: 8 | AN6: 9 | AO6: 9 | AP6: 3 | AQ6: 4 | AR6: 7 | AS6: 5 | AT6: 8 | AU6: 4 | AV6: 2 | AW6: 3 | AX6: 3 | AY6: 7 | AZ6: 8 | BA6: 4 | BB6: 8 | BC6: 3 | BD6: 5 | BE6: 7 | BF6: 8 | BG6: 2 | BH6: 7 | BI6: 9 | BK6: =CONCATENATE(A6,B6,C6,D6,E6,F6,G6,H6,I6,J6,K6,L6,M6,N6,O6,P6,Q6,R6,S6,T6,U6,V6,W6,X6,Y6,Z6,AA6,AB6,AC6,AD6,AE6,AF6,AG6,AH6,AI6,AJ6,AK6,AL6,AM6,AN6,AO6,AP6,AQ6,AR6,AS6,AT6,AU6,AV6,AW6,AX6,AY6,AZ6,BA6,BB6,BC6,BD6,BE6,BF6,BG6,BH6,BI6) -> 8845387729654476289932025236482674659689934758423378483578279 | BL6: =CONCATENATE(A6,B6,C6,D6,E6,F6,G6,H6,I6,J6,K6,L6,M6,N6,O6,P6,Q6,R6,S6,T6,U6,V6,W6,X6,Y6,Z6,AA6,AB6,AC6,AD6,AE6,AF6,AG6,AH6,AI6,AJ6,AK6,AL6,AM6,AN6,AO6,AP6,AQ6,AR6,AS6,AT6,AU6,AV6,AW6,AX6,AY6,AZ6,BA6,BB6,BC6,BD6) -> 88453877296544762899320252364826746596899347584233784835 | BM6: ="["&A6&","&B6&","&C6&","&D6&","&E6&","&F6&","&G6&","&H6&","&I6&","&J6&","&K6&","&L6&","&M6&","&N6&","&O6&","&P6&","&Q6&","&R6&","&S6&","&T6&","&U6&","&V6&","&W6&","&X6&","&Y6&","&Z6&","&AA6&","&AB6&","&AC6&","&AD6&","&AE6&","&AF6&","&AG6&","&AH6&","&AI6&","&AJ6&","&AK6&","&AL6&","&AM6&","&AN6&","&AO6&","&AP6&","&AQ6&","&AR6&","&AS6&","&AT6&","&AU6&","&AV6&","&AW6&","&AX6&","&AY6&","&AZ6&","&BA6&","&BB6&","&BC6&","&BD6&"]," -> [8,8,4,5,3,8,7,7,2,9,6,5,4,4,7,6,2,8,9,9,3,2,0,2,5,2,3,6,4,8,2,6,7,4,6,5,9,6,8,9,9,3,4,7,5,8,4,2,3,3,7,8,4,8,3,5], | BW6: =MOD(A6+B6,10) -> 6 | BX6: =MOD(B6+C6,10) -> 2 | BY6: =MOD(C6+D6,10) -> 9 | BZ6: =MOD(D6+E6,10) -> 8 | CA6: =MOD(E6+F6,10) -> 1 | CB6: =MOD(F6+G6,10) -> 5 | CC6: =MOD(G6+H6,10) -> 4 | CD6: =MOD(H6+I6,10) -> 9 | ... DY6: =MOD(BC6+BD6,10) -> 8 | DZ6: ="["&BW6&","&BX6&","&BY6&","&BZ6&","&CA6&","&CB6&","&CC6&","&CD6&","&CE6&","&CF6&","&CG6&","&CH6&","&CI6&","&CJ6&","&CK6&","&CL6&","&CM6&","&CN6&","&CO6&","&CP6&","&CQ6&","&CR6&","&CS6&","&CT6&","&CU6&","&CV6&","&CW6&","&CX6&","&CY6&","&CZ6&","&DA6&","&DB6&","&DC6&","&DD6&","&DE6&","&DF6&","&DG6&","&DH6&","&DI6&","&DJ6&","&DK6&","&DL6&","&DM6&","&DN6&","&DO6&","&DP6&","&DQ6&","&DR6&","&DS6&","&DT6&","&DU6&","&DV6&","&DW6&","&DX6&","&DY6&"]," -> [6,2,9,8,1,5,4,9,1,5,1,9,8,1,3,8,0,7,8,2,5,2,2,7,7,5,9,0,2,0,8,3,1,0,1,4,5,4,7,8,2,7,1,2,3,2,6,5,6,0,5,2,2,1,8],
A7: 7 | B7: 8 | C7: 9 | D7: 2 | E7: 2 | F7: 3 | G7: 7 | H7: 1 | I7: 7 | J7: 4 | K7: 2 | L7: 5 | M7: 9 | N7: 7 | O7: 3 | P7: 6 | Q7: 9 | R7: 4 | S7: 6 | T7: 8 | U7: 3 | V7: 3 | W7: 5 | X7: 7 | Y7: 3 | Z7: 4 | AA7: 8 | AB7: 5 | AC7: 6 | AD7: 3 | AE7: 7 | AF7: 8 | AG7: 2 | AH7: 7 | AI7: 5 | AJ7: 5 | AK7: 8 | AL7: 6 | AM7: 4 | AN7: 9 | AO7: 2 | AP7: 6 | AQ7: 6 | AR7: 7 | AS7: 9 | AT7: 5 | AU7: 2 | AV7: 2 | AW7: 4 | AX7: 3 | AY7: 9 | AZ7: 7 | BA7: 9 | BB7: 8 | BC7: 2 | BD7: 2 | BE7: 7 | BF7: 3 | BG7: 7 | BH7: 1 | BI7: 4 | BK7: =CONCATENATE(A7,B7,C7,D7,E7,F7,G7,H7,I7,J7,K7,L7,M7,N7,O7,P7,Q7,R7,S7,T7,U7,V7,W7,X7,Y7,Z7,AA7,AB7,AC7,AD7,AE7,AF7,AG7,AH7,AI7,AJ7,AK7,AL7,AM7,AN7,AO7,AP7,AQ7,AR7,AS7,AT7,AU7,AV7,AW7,AX7,AY7,AZ7,BA7,BB7,BC7,BD7,BE7,BF7,BG7,BH7,BI7) -> 7892237174259736946833573485637827558649266795224397982273714 | BL7: =CONCATENATE(A7,B7,C7,D7,E7,F7,G7,H7,I7,J7,K7,L7,M7,N7,O7,P7,Q7,R7,S7,T7,U7,V7,W7,X7,Y7,Z7,AA7,AB7,AC7,AD7,AE7,AF7,AG7,AH7,AI7,AJ7,AK7,AL7,AM7,AN7,AO7,AP7,AQ7,AR7,AS7,AT7,AU7,AV7,AW7,AX7,AY7,AZ7,BA7,BB7,BC7,BD7) -> 78922371742597369468335734856378275586492667952243979822 | BM7: ="["&A7&","&B7&","&C7&","&D7&","&E7&","&F7&","&G7&","&H7&","&I7&","&J7&","&K7&","&L7&","&M7&","&N7&","&O7&","&P7&","&Q7&","&R7&","&S7&","&T7&","&U7&","&V7&","&W7&","&X7&","&Y7&","&Z7&","&AA7&","&AB7&","&AC7&","&AD7&","&AE7&","&AF7&","&AG7&","&AH7&","&AI7&","&AJ7&","&AK7&","&AL7&","&AM7&","&AN7&","&AO7&","&AP7&","&AQ7&","&AR7&","&AS7&","&AT7&","&AU7&","&AV7&","&AW7&","&AX7&","&AY7&","&AZ7&","&BA7&","&BB7&","&BC7&","&BD7&"]," -> [7,8,9,2,2,3,7,1,7,4,2,5,9,7,3,6,9,4,6,8,3,3,5,7,3,4,8,5,6,3,7,8,2,7,5,5,8,6,4,9,2,6,6,7,9,5,2,2,4,3,9,7,9,8,2,2], | BW7: =MOD(A7+B7,10) -> 5 | BX7: =MOD(B7+C7,10) -> 7 | BY7: =MOD(C7+D7,10) -> 1 | BZ7: =MOD(D7+E7,10) -> 4 | CA7: =MOD(E7+F7,10) -> 5 | CB7: =MOD(F7+G7,10) -> 0 | CC7: =MOD(G7+H7,10) -> 8 | CD7: =MOD(H7+I7,10) -> 8 | ... DY7: =MOD(BC7+BD7,10) -> 4 | DZ7: ="["&BW7&","&BX7&","&BY7&","&BZ7&","&CA7&","&CB7&","&CC7&","&CD7&","&CE7&","&CF7&","&CG7&","&CH7&","&CI7&","&CJ7&","&CK7&","&CL7&","&CM7&","&CN7&","&CO7&","&CP7&","&CQ7&","&CR7&","&CS7&","&CT7&","&CU7&","&CV7&","&CW7&","&CX7&","&CY7&","&CZ7&","&DA7&","&DB7&","&DC7&","&DD7&","&DE7&","&DF7&","&DG7&","&DH7&","&DI7&","&DJ7&","&DK7&","&DL7&","&DM7&","&DN7&","&DO7&","&DP7&","&DQ7&","&DR7&","&DS7&","&DT7&","&DU7&","&DV7&","&DW7&","&DX7&","&DY7&"]," -> [5,7,1,4,5,0,8,8,1,6,7,4,6,0,9,5,3,0,4,1,6,8,2,0,7,2,3,1,9,0,5,0,9,2,0,3,4,0,3,1,8,2,3,6,4,7,4,6,7,2,6,6,7,0,4],
A8: 7 | B8: 2 | C8: 6 | D8: 8 | E8: 8 | F8: 3 | G8: 4 | H8: 8 | I8: 3 | J8: 5 | K8: 2 | L8: 7 | M8: 6 | N8: 4 | O8: 3 | P8: 6 | Q8: 5 | R8: 3 | S8: 9 | T8: 8 | U8: 4 | V8: 7 | W8: 5 | X8: 4 | Y8: 2 | Z8: 9 | AA8: 6 | AB8: 6 | AC8: 3 | AD8: 8 | AE8: 5 | AF8: 5 | AG8: 9 | AH8: 7 | AI8: 4 | AJ8: 6 | AK8: 9 | AL8: 3 | AM8: 3 | AN8: 2 | AO8: 8 | AP8: 7 | AQ8: 9 | AR8: 9 | AS8: 5 | AT8: 6 | AU8: 2 | AV8: 4 | AW8: 4 | AX8: 5 | AY8: 7 | AZ8: 7 | BA8: 6 | BB8: 2 | BC8: 8 | BD8: 8 | BE8: 4 | BF8: 3 | BG8: 3 | BH8: 8 | BI8: 5 | BK8: =CONCATENATE(A8,B8,C8,D8,E8,F8,G8,H8,I8,J8,K8,L8,M8,N8,O8,P8,Q8,R8,S8,T8,U8,V8,W8,X8,Y8,Z8,AA8,AB8,AC8,AD8,AE8,AF8,AG8,AH8,AI8,AJ8,AK8,AL8,AM8,AN8,AO8,AP8,AQ8,AR8,AS8,AT8,AU8,AV8,AW8,AX8,AY8,AZ8,BA8,BB8,BC8,BD8,BE8,BF8,BG8,BH8,BI8) -> 7268834835276436539847542966385597469332879956244577628843385 | BL8: =CONCATENATE(A8,B8,C8,D8,E8,F8,G8,H8,I8,J8,K8,L8,M8,N8,O8,P8,Q8,R8,S8,T8,U8,V8,W8,X8,Y8,Z8,AA8,AB8,AC8,AD8,AE8,AF8,AG8,AH8,AI8,AJ8,AK8,AL8,AM8,AN8,AO8,AP8,AQ8,AR8,AS8,AT8,AU8,AV8,AW8,AX8,AY8,AZ8,BA8,BB8,BC8,BD8) -> 72688348352764365398475429663855974693328799562445776288 | BM8: ="["&A8&","&B8&","&C8&","&D8&","&E8&","&F8&","&G8&","&H8&","&I8&","&J8&","&K8&","&L8&","&M8&","&N8&","&O8&","&P8&","&Q8&","&R8&","&S8&","&T8&","&U8&","&V8&","&W8&","&X8&","&Y8&","&Z8&","&AA8&","&AB8&","&AC8&","&AD8&","&AE8&","&AF8&","&AG8&","&AH8&","&AI8&","&AJ8&","&AK8&","&AL8&","&AM8&","&AN8&","&AO8&","&AP8&","&AQ8&","&AR8&","&AS8&","&AT8&","&AU8&","&AV8&","&AW8&","&AX8&","&AY8&","&AZ8&","&BA8&","&BB8&","&BC8&","&BD8&"]," -> [7,2,6,8,8,3,4,8,3,5,2,7,6,4,3,6,5,3,9,8,4,7,5,4,2,9,6,6,3,8,5,5,9,7,4,6,9,3,3,2,8,7,9,9,5,6,2,4,4,5,7,7,6,2,8,8], | BW8: =MOD(A8+B8,10) -> 9 | BX8: =MOD(B8+C8,10) -> 8 | BY8: =MOD(C8+D8,10) -> 4 | BZ8: =MOD(D8+E8,10) -> 6 | CA8: =MOD(E8+F8,10) -> 1 | CB8: =MOD(F8+G8,10) -> 7 | CC8: =MOD(G8+H8,10) -> 2 | CD8: =MOD(H8+I8,10) -> 1 | ... DY8: =MOD(BC8+BD8,10) -> 6 | DZ8: ="["&BW8&","&BX8&","&BY8&","&BZ8&","&CA8&","&CB8&","&CC8&","&CD8&","&CE8&","&CF8&","&CG8&","&CH8&","&CI8&","&CJ8&","&CK8&","&CL8&","&CM8&","&CN8&","&CO8&","&CP8&","&CQ8&","&CR8&","&CS8&","&CT8&","&CU8&","&CV8&","&CW8&","&CX8&","&CY8&","&CZ8&","&DA8&","&DB8&","&DC8&","&DD8&","&DE8&","&DF8&","&DG8&","&DH8&","&DI8&","&DJ8&","&DK8&","&DL8&","&DM8&","&DN8&","&DO8&","&DP8&","&DQ8&","&DR8&","&DS8&","&DT8&","&DU8&","&DV8&","&DW8&","&DX8&","&DY8&"]," -> [9,8,4,6,1,7,2,1,8,7,9,3,0,7,9,1,8,2,7,2,1,2,9,6,1,5,2,9,1,3,0,4,6,1,0,5,2,6,5,0,5,6,8,4,1,8,6,8,9,2,4,3,8,0,6],
A9: 7 | B9: 8 | C9: 8 | D9: 6 | E9: 3 | F9: 9 | G9: 3 | H9: 4 | I9: 6 | J9: 8 | K9: 5 | L9: 5 | M9: 2 | N9: 7 | O9: 4 | P9: 4 | Q9: 9 | R9: 7 | S9: 6 | T9: 6 | U9: 2 | V9: 3 | W9: 5 | X9: 4 | Y9: 7 | Z9: 7 | AA9: 2 | AB9: 9 | AC9: 4 | AD9: 5 | AE9: 3 | AF9: 3 | AG9: 6 | AH9: 9 | AI9: 9 | AJ9: 8 | AK9: 4 | AL9: 2 | AM9: 8 | AN9: 7 | AO9: 3 | AP9: 8 | AQ9: 0 | AR9: 4 | AS9: 9 | AT9: 4 | AU9: 8 | AV9: 2 | AW9: 5 | AX9: 8 | AY9: 6 | AZ9: 7 | BA9: 8 | BB9: 8 | BC9: 3 | BD9: 6 | BE9: 3 | BF9: 9 | BG9: 6 | BH9: 4 | BI9: 8 | BK9: =CONCATENATE(A9,B9,C9,D9,E9,F9,G9,H9,I9,J9,K9,L9,M9,N9,O9,P9,Q9,R9,S9,T9,U9,V9,W9,X9,Y9,Z9,AA9,AB9,AC9,AD9,AE9,AF9,AG9,AH9,AI9,AJ9,AK9,AL9,AM9,AN9,AO9,AP9,AQ9,AR9,AS9,AT9,AU9,AV9,AW9,AX9,AY9,AZ9,BA9,BB9,BC9,BD9,BE9,BF9,BG9,BH9,BI9) -> 7886393468552744976623547729453369984287380494825867883639648 | BL9: =CONCATENATE(A9,B9,C9,D9,E9,F9,G9,H9,I9,J9,K9,L9,M9,N9,O9,P9,Q9,R9,S9,T9,U9,V9,W9,X9,Y9,Z9,AA9,AB9,AC9,AD9,AE9,AF9,AG9,AH9,AI9,AJ9,AK9,AL9,AM9,AN9,AO9,AP9,AQ9,AR9,AS9,AT9,AU9,AV9,AW9,AX9,AY9,AZ9,BA9,BB9,BC9,BD9) -> 78863934685527449766235477294533699842873804948258678836 | BM9: ="["&A9&","&B9&","&C9&","&D9&","&E9&","&F9&","&G9&","&H9&","&I9&","&J9&","&K9&","&L9&","&M9&","&N9&","&O9&","&P9&","&Q9&","&R9&","&S9&","&T9&","&U9&","&V9&","&W9&","&X9&","&Y9&","&Z9&","&AA9&","&AB9&","&AC9&","&AD9&","&AE9&","&AF9&","&AG9&","&AH9&","&AI9&","&AJ9&","&AK9&","&AL9&","&AM9&","&AN9&","&AO9&","&AP9&","&AQ9&","&AR9&","&AS9&","&AT9&","&AU9&","&AV9&","&AW9&","&AX9&","&AY9&","&AZ9&","&BA9&","&BB9&","&BC9&","&BD9&"]," -> [7,8,8,6,3,9,3,4,6,8,5,5,2,7,4,4,9,7,6,6,2,3,5,4,7,7,2,9,4,5,3,3,6,9,9,8,4,2,8,7,3,8,0,4,9,4,8,2,5,8,6,7,8,8,3,6], | BW9: =MOD(A9+B9,10) -> 5 | BX9: =MOD(B9+C9,10) -> 6 | BY9: =MOD(C9+D9,10) -> 4 | BZ9: =MOD(D9+E9,10) -> 9 | CA9: =MOD(E9+F9,10) -> 2 | CB9: =MOD(F9+G9,10) -> 2 | CC9: =MOD(G9+H9,10) -> 7 | CD9: =MOD(H9+I9,10) -> 0 | ... DY9: =MOD(BC9+BD9,10) -> 9 | DZ9: ="["&BW9&","&BX9&","&BY9&","&BZ9&","&CA9&","&CB9&","&CC9&","&CD9&","&CE9&","&CF9&","&CG9&","&CH9&","&CI9&","&CJ9&","&CK9&","&CL9&","&CM9&","&CN9&","&CO9&","&CP9&","&CQ9&","&CR9&","&CS9&","&CT9&","&CU9&","&CV9&","&CW9&","&CX9&","&CY9&","&CZ9&","&DA9&","&DB9&","&DC9&","&DD9&","&DE9&","&DF9&","&DG9&","&DH9&","&DI9&","&DJ9&","&DK9&","&DL9&","&DM9&","&DN9&","&DO9&","&DP9&","&DQ9&","&DR9&","&DS9&","&DT9&","&DU9&","&DV9&","&DW9&","&DX9&","&DY9&"]," -> [5,6,4,9,2,2,7,0,4,3,0,7,9,1,8,3,6,3,2,8,5,8,9,1,4,9,1,3,9,8,6,9,5,8,7,2,6,0,5,0,1,8,4,3,3,2,0,7,3,4,3,5,6,1,9],
A10: 2 | B10: 8 | C10: 6 | D10: 4 | E10: 2 | F10: 7 | G10: 7 | H10: 8 | I10: 3 | J10: 9 | K10: 5 | L10: 4 | M10: 4 | N10: 6 | O10: 7 | P10: 3 | Q10: 3 | R10: 5 | S10: 2 | T10: 9 | U10: 8 | V10: 8 | W10: 4 | X10: 3 | Y10: 6 | Z10: 9 | AA10: 1 | AB10: 9 | AC10: 5 | AD10: 9 | AE10: 6 | AF10: 7 | AG10: 5 | AH10: 6 | AI10: 3 | AJ10: 2 | AK10: 5 | AL10: 7 | AM10: 9 | AN10: 6 | AO10: 4 | AP10: 8 | AQ10: 9 | AR10: 2 | AS10: 6 | AT10: 5 | AU10: 8 | AV10: 2 | AW10: 2 | AX10: 4 | AY10: 3 | AZ10: 2 | BA10: 6 | BB10: 8 | BC10: 2 | BD10: 4 | BE10: 7 | BF10: 7 | BG10: 3 | BH10: 8 | BI10: 9 | BK10: =CONCATENATE(A10,B10,C10,D10,E10,F10,G10,H10,I10,J10,K10,L10,M10,N10,O10,P10,Q10,R10,S10,T10,U10,V10,W10,X10,Y10,Z10,AA10,AB10,AC10,AD10,AE10,AF10,AG10,AH10,AI10,AJ10,AK10,AL10,AM10,AN10,AO10,AP10,AQ10,AR10,AS10,AT10,AU10,AV10,AW10,AX10,AY10,AZ10,BA10,BB10,BC10,BD10,BE10,BF10,BG10,BH10,BI10) -> 2864277839544673352988436919596756325796489265822432682477389 | BL10: =CONCATENATE(A10,B10,C10,D10,E10,F10,G10,H10,I10,J10,K10,L10,M10,N10,O10,P10,Q10,R10,S10,T10,U10,V10,W10,X10,Y10,Z10,AA10,AB10,AC10,AD10,AE10,AF10,AG10,AH10,AI10,AJ10,AK10,AL10,AM10,AN10,AO10,AP10,AQ10,AR10,AS10,AT10,AU10,AV10,AW10,AX10,AY10,AZ10,BA10,BB10,BC10,BD10) -> 28642778395446733529884369195967563257964892658224326824 | BM10: ="["&A10&","&B10&","&C10&","&D10&","&E10&","&F10&","&G10&","&H10&","&I10&","&J10&","&K10&","&L10&","&M10&","&N10&","&O10&","&P10&","&Q10&","&R10&","&S10&","&T10&","&U10&","&V10&","&W10&","&X10&","&Y10&","&Z10&","&AA10&","&AB10&","&AC10&","&AD10&","&AE10&","&AF10&","&AG10&","&AH10&","&AI10&","&AJ10&","&AK10&","&AL10&","&AM10&","&AN10&","&AO10&","&AP10&","&AQ10&","&AR10&","&AS10&","&AT10&","&AU10&","&AV10&","&AW10&","&AX10&","&AY10&","&AZ10&","&BA10&","&BB10&","&BC10&","&BD10&"]," -> [2,8,6,4,2,7,7,8,3,9,5,4,4,6,7,3,3,5,2,9,8,8,4,3,6,9,1,9,5,9,6,7,5,6,3,2,5,7,9,6,4,8,9,2,6,5,8,2,2,4,3,2,6,8,2,4], | BW10: =MOD(A10+B10,10) -> 0 | BX10: =MOD(B10+C10,10) -> 4 | BY10: =MOD(C10+D10,10) -> 0 | BZ10: =MOD(D10+E10,10) -> 6 | CA10: =MOD(E10+F10,10) -> 9 | CB10: =MOD(F10+G10,10) -> 4 | CC10: =MOD(G10+H10,10) -> 5 | CD10: =MOD(H10+I10,10) -> 1 | ... DY10: =MOD(BC10+BD10,10) -> 6 | DZ10: ="["&BW10&","&BX10&","&BY10&","&BZ10&","&CA10&","&CB10&","&CC10&","&CD10&","&CE10&","&CF10&","&CG10&","&CH10&","&CI10&","&CJ10&","&CK10&","&CL10&","&CM10&","&CN10&","&CO10&","&CP10&","&CQ10&","&CR10&","&CS10&","&CT10&","&CU10&","&CV10&","&CW10&","&CX10&","&CY10&","&CZ10&","&DA10&","&DB10&","&DC10&","&DD10&","&DE10&","&DF10&","&DG10&","&DH10&","&DI10&","&DJ10&","&DK10&","&DL10&","&DM10&","&DN10&","&DO10&","&DP10&","&DQ10&","&DR10&","&DS10&","&DT10&","&DU10&","&DV10&","&DW10&","&DX10&","&DY10&"]," -> [0,4,0,6,9,4,5,1,2,4,9,8,0,3,0,6,8,7,1,7,6,2,7,9,5,0,0,4,4,5,3,2,1,9,5,7,2,6,5,0,2,7,1,8,1,3,0,4,6,7,5,8,4,0,6],
A11: 4 | B11: 4 | C11: 3 | D11: 5 | E11: 6 | F11: 6 | G11: 7 | H11: 3 | I11: 2 | J11: 2 | K11: 9 | L11: 8 | M11: 4 | N11: 0 | O11: 3 | P11: 4 | Q11: 8 | R11: 2 | S11: 4 | T11: 9 | U11: 7 | V11: 6 | W11: 2 | X11: 3 | Y11: 7 | Z11: 2 | AA11: 2 | AB11: 5 | AC11: 6 | AD11: 5 | AE11: 7 | AF11: 4 | AG11: 5 | AH11: 8 | AI11: 7 | AJ11: 9 | AK11: 2 | AL11: 6 | AM11: 6 | AN11: 8 | AO11: 5 | AP11: 9 | AQ11: 3 | AR11: 8 | AS11: 9 | AT11: 9 | AU11: 4 | AV11: 7 | AW11: 5 | AX11: 5 | AY11: 3 | AZ11: 4 | BA11: 3 | BB11: 4 | BC11: 6 | BD11: 5 | BE11: 7 | BF11: 6 | BG11: 2 | BH11: 3 | BI11: 2 | BK11: =CONCATENATE(A11,B11,C11,D11,E11,F11,G11,H11,I11,J11,K11,L11,M11,N11,O11,P11,Q11,R11,S11,T11,U11,V11,W11,X11,Y11,Z11,AA11,AB11,AC11,AD11,AE11,AF11,AG11,AH11,AI11,AJ11,AK11,AL11,AM11,AN11,AO11,AP11,AQ11,AR11,AS11,AT11,AU11,AV11,AW11,AX11,AY11,AZ11,BA11,BB11,BC11,BD11,BE11,BF11,BG11,BH11,BI11) -> 4435667322984034824976237225657458792668593899475534346576232 | BL11: =CONCATENATE(A11,B11,C11,D11,E11,F11,G11,H11,I11,J11,K11,L11,M11,N11,O11,P11,Q11,R11,S11,T11,U11,V11,W11,X11,Y11,Z11,AA11,AB11,AC11,AD11,AE11,AF11,AG11,AH11,AI11,AJ11,AK11,AL11,AM11,AN11,AO11,AP11,AQ11,AR11,AS11,AT11,AU11,AV11,AW11,AX11,AY11,AZ11,BA11,BB11,BC11,BD11) -> 44356673229840348249762372256574587926685938994755343465 | BM11: ="["&A11&","&B11&","&C11&","&D11&","&E11&","&F11&","&G11&","&H11&","&I11&","&J11&","&K11&","&L11&","&M11&","&N11&","&O11&","&P11&","&Q11&","&R11&","&S11&","&T11&","&U11&","&V11&","&W11&","&X11&","&Y11&","&Z11&","&AA11&","&AB11&","&AC11&","&AD11&","&AE11&","&AF11&","&AG11&","&AH11&","&AI11&","&AJ11&","&AK11&","&AL11&","&AM11&","&AN11&","&AO11&","&AP11&","&AQ11&","&AR11&","&AS11&","&AT11&","&AU11&","&AV11&","&AW11&","&AX11&","&AY11&","&AZ11&","&BA11&","&BB11&","&BC11&","&BD11&"]," -> [4,4,3,5,6,6,7,3,2,2,9,8,4,0,3,4,8,2,4,9,7,6,2,3,7,2,2,5,6,5,7,4,5,8,7,9,2,6,6,8,5,9,3,8,9,9,4,7,5,5,3,4,3,4,6,5], | BW11: =MOD(A11+B11,10) -> 8 | BX11: =MOD(B11+C11,10) -> 7 | BY11: =MOD(C11+D11,10) -> 8 | BZ11: =MOD(D11+E11,10) -> 1 | CA11: =MOD(E11+F11,10) -> 2 | CB11: =MOD(F11+G11,10) -> 3 | CC11: =MOD(G11+H11,10) -> 0 | CD11: =MOD(H11+I11,10) -> 5 | ... DY11: =MOD(BC11+BD11,10) -> 1 | DZ11: ="["&BW11&","&BX11&","&BY11&","&BZ11&","&CA11&","&CB11&","&CC11&","&CD11&","&CE11&","&CF11&","&CG11&","&CH11&","&CI11&","&CJ11&","&CK11&","&CL11&","&CM11&","&CN11&","&CO11&","&CP11&","&CQ11&","&CR11&","&CS11&","&CT11&","&CU11&","&CV11&","&CW11&","&CX11&","&CY11&","&CZ11&","&DA11&","&DB11&","&DC11&","&DD11&","&DE11&","&DF11&","&DG11&","&DH11&","&DI11&","&DJ11&","&DK11&","&DL11&","&DM11&","&DN11&","&DO11&","&DP11&","&DQ11&","&DR11&","&DS11&","&DT11&","&DU11&","&DV11&","&DW11&","&DX11&","&DY11&"]," -> [8,7,8,1,2,3,0,5,4,1,7,2,4,3,7,2,0,6,3,6,3,8,5,0,9,4,7,1,1,2,1,9,3,5,6,1,8,2,4,3,4,2,1,7,8,3,1,2,0,8,7,7,7,0,1],
A12: 2 | B12: 4 | C12: 8 | D12: 9 | E12: 7 | F12: 5 | G12: 7 | H12: 9 | I12: 5 | J12: 2 | K12: 6 | L12: 8 | M12: 3 | N12: 7 | O12: 6 | P12: 5 | Q12: 9 | R12: 2 | S12: 7 | T12: 8 | U12: 6 | V12: 9 | W12: 9 | X12: 3 | Y12: 6 | Z12: 2 | AA12: 3 | AB12: 4 | AC12: 5 | AD12: 8 | AE12: 8 | AF12: 2 | AG12: 5 | AH12: 4 | AI12: 6 | AJ12: 3 | AK12: 3 | AL12: 8 | AM12: 7 | AN12: 7 | AO12: 4 | AP12: 9 | AQ12: 6 | AR12: 4 | AS12: 7 | AT12: 2 | AU12: 8 | AV12: 5 | AW12: 5 | AX12: 3 | AY12: 9 | AZ12: 2 | BA12: 8 | BB12: 4 | BC12: 7 | BD12: 9 | BE12: 7 | BF12: 5 | BG12: 5 | BH12: 9 | BI12: 2 | BK12: =CONCATENATE(A12,B12,C12,D12,E12,F12,G12,H12,I12,J12,K12,L12,M12,N12,O12,P12,Q12,R12,S12,T12,U12,V12,W12,X12,Y12,Z12,AA12,AB12,AC12,AD12,AE12,AF12,AG12,AH12,AI12,AJ12,AK12,AL12,AM12,AN12,AO12,AP12,AQ12,AR12,AS12,AT12,AU12,AV12,AW12,AX12,AY12,AZ12,BA12,BB12,BC12,BD12,BE12,BF12,BG12,BH12,BI12) -> 2489757952683765927869936234588254633877496472855392847975592 | BL12: =CONCATENATE(A12,B12,C12,D12,E12,F12,G12,H12,I12,J12,K12,L12,M12,N12,O12,P12,Q12,R12,S12,T12,U12,V12,W12,X12,Y12,Z12,AA12,AB12,AC12,AD12,AE12,AF12,AG12,AH12,AI12,AJ12,AK12,AL12,AM12,AN12,AO12,AP12,AQ12,AR12,AS12,AT12,AU12,AV12,AW12,AX12,AY12,AZ12,BA12,BB12,BC12,BD12) -> 24897579526837659278699362345882546338774964728553928479 | BM12: ="["&A12&","&B12&","&C12&","&D12&","&E12&","&F12&","&G12&","&H12&","&I12&","&J12&","&K12&","&L12&","&M12&","&N12&","&O12&","&P12&","&Q12&","&R12&","&S12&","&T12&","&U12&","&V12&","&W12&","&X12&","&Y12&","&Z12&","&AA12&","&AB12&","&AC12&","&AD12&","&AE12&","&AF12&","&AG12&","&AH12&","&AI12&","&AJ12&","&AK12&","&AL12&","&AM12&","&AN12&","&AO12&","&AP12&","&AQ12&","&AR12&","&AS12&","&AT12&","&AU12&","&AV12&","&AW12&","&AX12&","&AY12&","&AZ12&","&BA12&","&BB12&","&BC12&","&BD12&"]," -> [2,4,8,9,7,5,7,9,5,2,6,8,3,7,6,5,9,2,7,8,6,9,9,3,6,2,3,4,5,8,8,2,5,4,6,3,3,8,7,7,4,9,6,4,7,2,8,5,5,3,9,2,8,4,7,9], | BW12: =MOD(A12+B12,10) -> 6 | BX12: =MOD(B12+C12,10) -> 2 | BY12: =MOD(C12+D12,10) -> 7 | BZ12: =MOD(D12+E12,10) -> 6 | CA12: =MOD(E12+F12,10) -> 2 | CB12: =MOD(F12+G12,10) -> 2 | CC12: =MOD(G12+H12,10) -> 6 | CD12: =MOD(H12+I12,10) -> 4 | ... DY12: =MOD(BC12+BD12,10) -> 6 | DZ12: ="["&BW12&","&BX12&","&BY12&","&BZ12&","&CA12&","&CB12&","&CC12&","&CD12&","&CE12&","&CF12&","&CG12&","&CH12&","&CI12&","&CJ12&","&CK12&","&CL12&","&CM12&","&CN12&","&CO12&","&CP12&","&CQ12&","&CR12&","&CS12&","&CT12&","&CU12&","&CV12&","&CW12&","&CX12&","&CY12&","&CZ12&","&DA12&","&DB12&","&DC12&","&DD12&","&DE12&","&DF12&","&DG12&","&DH12&","&DI12&","&DJ12&","&DK12&","&DL12&","&DM12&","&DN12&","&DO12&","&DP12&","&DQ12&","&DR12&","&DS12&","&DT12&","&DU12&","&DV12&","&DW12&","&DX12&","&DY12&"]," -> [6,2,7,6,2,2,6,4,7,8,4,1,0,3,1,4,1,9,5,4,5,8,2,9,8,5,7,9,3,6,0,7,9,0,9,6,1,5,4,1,3,5,0,1,9,0,3,0,8,2,1,0,2,1,6],
... A45: 4 | B45: 4 | C45: 9 | D45: 9 | E45: 5 | F45: 7 | G45: 3 | H45: 3 | I45: 8 | J45: 2 | K45: 6 | L45: 8 | M45: 8 | N45: 9 | O45: 2 | P45: 5 | Q45: 5 | R45: 3 | S45: 9 | T45: 8 | U45: 3 | V45: 6 | W45: 2 | X45: 2 | Y45: 3 | Z45: 4 | AA45: 7 | AB45: 9 | AC45: 3 | AD45: 5 | AE45: 8 | AF45: 7 | AG45: 7 | AH45: 6 | AI45: 5 | AJ45: 4 | AK45: 3 | AL45: 7 | AM45: 2 | AN45: 9 | AO45: 6 | AP45: 4 | AQ45: 8 | AR45: 5 | AS45: 9 | AT45: 4 | AU45: 5 | AV45: 6 | AW45: 9 | AX45: 7 | AY45: 5 | AZ45: 4 | BA45: 9 | BB45: 4 | BC45: 5 | BD45: 9 | BE45: 3 | BF45: 7 | BG45: 8 | BH45: 3 | BI45: 2 | BK45: =CONCATENATE(A45,B45,C45,D45,E45,F45,G45,H45,I45,J45,K45,L45,M45,N45,O45,P45,Q45,R45,S45,T45,U45,V45,W45,X45,Y45,Z45,AA45,AB45,AC45,AD45,AE45,AF45,AG45,AH45,AI45,AJ45,AK45,AL45,AM45,AN45,AO45,AP45,AQ45,AR45,AS45,AT45,AU45,AV45,AW45,AX45,AY45,AZ45,BA45,BB45,BC45,BD45,BE45,BF45,BG45,BH45,BI45) -> 4499573382688925539836223479358776543729648594569754945937832 | BL45: =CONCATENATE(A45,B45,C45,D45,E45,F45,G45,H45,I45,J45,K45,L45,M45,N45,O45,P45,Q45,R45,S45,T45,U45,V45,W45,X45,Y45,Z45,AA45,AB45,AC45,AD45,AE45,AF45,AG45,AH45,AI45,AJ45,AK45,AL45,AM45,AN45,AO45,AP45,AQ45,AR45,AS45,AT45,AU45,AV45,AW45,AX45,AY45,AZ45,BA45,BB45,BC45,BD45) -> 44995733826889255398362234793587765437296485945697549459 | BM45: ="["&A45&","&B45&","&C45&","&D45&","&E45&","&F45&","&G45&","&H45&","&I45&","&J45&","&K45&","&L45&","&M45&","&N45&","&O45&","&P45&","&Q45&","&R45&","&S45&","&T45&","&U45&","&V45&","&W45&","&X45&","&Y45&","&Z45&","&AA45&","&AB45&","&AC45&","&AD45&","&AE45&","&AF45&","&AG45&","&AH45&","&AI45&","&AJ45&","&AK45&","&AL45&","&AM45&","&AN45&","&AO45&","&AP45&","&AQ45&","&AR45&","&AS45&","&AT45&","&AU45&","&AV45&","&AW45&","&AX45&","&AY45&","&AZ45&","&BA45&","&BB45&","&BC45&","&BD45&"]," -> [4,4,9,9,5,7,3,3,8,2,6,8,8,9,2,5,5,3,9,8,3,6,2,2,3,4,7,9,3,5,8,7,7,6,5,4,3,7,2,9,6,4,8,5,9,4,5,6,9,7,5,4,9,4,5,9], | BW45: =MOD(A45+B45,10) -> 8 | BX45: =MOD(B45+C45,10) -> 3 | BY45: =MOD(C45+D45,10) -> 8 | BZ45: =MOD(D45+E45,10) -> 4 | CA45: =MOD(E45+F45,10) -> 2 | CB45: =MOD(F45+G45,10) -> 0 | CC45: =MOD(G45+H45,10) -> 6 | CD45: =MOD(H45+I45,10) -> 1 | ... DY45: =MOD(BC45+BD45,10) -> 4 | DZ45: ="["&BW45&","&BX45&","&BY45&","&BZ45&","&CA45&","&CB45&","&CC45&","&CD45&","&CE45&","&CF45&","&CG45&","&CH45&","&CI45&","&CJ45&","&CK45&","&CL45&","&CM45&","&CN45&","&CO45&","&CP45&","&CQ45&","&CR45&","&CS45&","&CT45&","&CU45&","&CV45&","&CW45&","&CX45&","&CY45&","&CZ45&","&DA45&","&DB45&","&DC45&","&DD45&","&DE45&","&DF45&","&DG45&","&DH45&","&DI45&","&DJ45&","&DK45&","&DL45&","&DM45&","&DN45&","&DO45&","&DP45&","&DQ45&","&DR45&","&DS45&","&DT45&","&DU45&","&DV45&","&DW45&","&DX45&","&DY45&"]," -> [8,3,8,4,2,0,6,1,0,8,4,6,7,1,7,0,8,2,7,1,9,8,4,5,7,1,6,2,8,3,5,4,3,1,9,7,0,9,1,5,0,2,3,4,3,9,1,5,6,2,9,3,3,9,4],

Sheet Guidance
A1: 1. Isi N/A jika blank
A2: 2. Isi Skipped jika skipped

Sheet Master
A1: Number | B1: Soal 1 | C1: Process 1 | D1: Answer 1 | E1: Label 1 | F1: Soal 2 | G1: Process 2 | H1: Answer 2 | I1: Label 2 | J1: Soal 3 | K1: Process 3 | L1: Answer 3 | M1: Label 3 | N1: Soal 4 | O1: Process 4 | P1: Answer 4 | Q1: Label 4 | R1: Soal 5 | S1: Process 5 | T1: Answer 5 | U1: Label 5 | V1: Soal 6 | W1: Process 6 | X1: Answer 6 | Y1: Label 6 | Z1: Soal 7 | AA1: Process 7 | AB1: Answer 7 | AC1: Label 7 | AD1: Soal 8 | AE1: Process 8 | AF1: Answer 8 | AG1: Label 8 | AH1: Soal 9 | AI1: Process 9 | AJ1: Answer 9 | AK1: Label 9 | AL1: Soal 10 | AM1: Process 10 | AN1: Answer 10 | AO1: Label 10 | AP1: Soal 11 | AQ1: Process 11 | AR1: Answer 11 | AS1: Label 11 | AT1: Soal 12 | AU1: Process 12 | AV1: Answer 12 | AW1: Label 12 | AX1: Soal 13 | AY1: Process 13 | AZ1: Answer 13 | BA1: Label 13 | BB1: Soal 14 | BC1: Process 14 | BD1: Answer 14 | BE1: Label 14 | BF1: Soal 15 | BG1: Process 15 | BH1: Answer 15 | BI1: Label 15 | BJ1: Soal 16 | BK1: Process 16 | BL1: Answer 16 | BM1: Label 16 | BN1: Soal 17 | BO1: Process 17 | BP1: Answer 17 | BQ1: Label 17 | BR1: Soal 18 | BS1: Process 18 | BT1: Answer 18 | BU1: Label 18 | BV1: Soal 19 | BW1: Process 19 | BX1: Answer 19 | BY1: Label 19 | BZ1: Soal 20 | CA1: Process 20 | CB1: Answer 20 | CC1: Label 20 | CD1: Soal 21 | CE1: Process 21 | CF1: Answer 21 | CG1: Label 21 | CH1: Soal 22 | CI1: Process 22 | CJ1: Answer 22 | CK1: Label 22 | CL1: Soal 23 | CM1: Process 23 | CN1: Answer 23 | CO1: Label 23 | CP1: Soal 24 | CQ1: Process 24 | CR1: Answer 24 | CS1: Label 24 | CT1: Soal 25 | CU1: Process 25 | CV1: Answer 25 | CW1: Label 25 | CX1: Soal 26 | CY1: Process 26 | CZ1: Answer 26 | DA1: Label 26 | DB1: Soal 27 | DC1: Process 27 | DD1: Answer 27 | DE1: Label 27 | DF1: Soal 28 | DG1: Process 28 | DH1: Answer 28 | DI1: Label 28 | DJ1: Soal 29 | DK1: Process 29 | DL1: Answer 29 | DM1: Label 29 | DN1: Soal 30 | DO1: Process 30 | DP1: Answer 30 | DQ1: Label 30 | DR1: Soal 31 | DS1: Process 31 | DT1: Answer 31 | DU1: Label 31 | DV1: Soal 32 | DW1: Process 32 | DX1: Answer 32 | DY1: Label 32 | DZ1: Soal 33 | EA1: Process 33 | EB1: Answer 33 | EC1: Label 33 | ED1: Soal 34 | EE1: Process 34 | EF1: Answer 34 | EG1: Label 34 | EH1: Soal 35 | EI1: Process 35 | EJ1: Answer 35 | EK1: Label 35 | EL1: Soal 36 | EM1: Process 36 | EN1: Answer 36 | EO1: Label 36 | EP1: Soal 37 | EQ1: Process 37 | ER1: Answer 37 | ES1: Label 37 | ET1: Soal 38 | EU1: Process 38 | EV1: Answer 38 | EW1: Label 38 | EX1: Soal 39 | EY1: Process 39 | EZ1: Answer 39 | FA1: Label 39 | FB1: Soal 40 | FC1: Process 40 | FD1: Answer 40 | FE1: Label 40
A2: 56 | B2: 9 | F2: 4 | J2: 8 | N2: 4 | R2: 9 | V2: 5 | Z2: 2 | AD2: 8 | AH2: 6 | AL2: 4 | AP2: 5 | AT2: 9 | AX2: 7 | BB2: 2 | BF2: 2 | BJ2: 0 | BN2: 2 | BR2: 7 | BV2: 9 | BZ2: 9 | CD2: 2 | CH2: 6 | CL2: 6 | CP2: 6 | CT2: 4 | CX2: 9 | DB2: 3 | DF2: 3 | DJ2: 8 | DN2: 9 | DR2: 8 | DV2: 4 | DZ2: 8 | ED2: 4 | EH2: 8 | EL2: 2 | EP2: 2 | ET2: 7 | EX2: 8 | FB2: 5
A3: 55 | B3: 5 | C3: =MOD(B3+B2,10) -> 4 | D3: N/A | E3: =IF(C3=D3,TRUE,IF(D3="SKIPPED","SKIPPED",IF(D3="N/A","BLANK",FALSE))) -> BLANK | F3: 4 | G3: =MOD(F3+F2,10) -> 8 | H3: N/A | I3: =IF(G3=H3,TRUE,IF(H3="SKIPPED","SKIPPED",IF(H3="N/A","BLANK",FALSE))) -> BLANK | J3: 3 | K3: =MOD(J3+J2,10) -> 1 | L3: N/A | M3: =IF(K3=L3,TRUE,IF(L3="SKIPPED","SKIPPED",IF(L3="N/A","BLANK",FALSE))) -> BLANK | N3: 3 | O3: =MOD(N3+N2,10) -> 7 | P3: N/A | Q3: =IF(O3=P3,TRUE,IF(P3="SKIPPED","SKIPPED",IF(P3="N/A","BLANK",FALSE))) -> BLANK | R3: 5 | S3: =MOD(R3+R2,10) -> 4 | T3: N/A | U3: =IF(S3=T3,TRUE,IF(T3="SKIPPED","SKIPPED",IF(T3="N/A","BLANK",FALSE))) -> BLANK | V3: 3 | W3: =MOD(V3+V2,10) -> 8 | X3: N/A | Y3: =IF(W3=X3,TRUE,IF(X3="SKIPPED","SKIPPED",IF(X3="N/A","BLANK",FALSE))) -> BLANK | Z3: 2 | AA3: =MOD(Z3+Z2,10) -> 4 | AB3: N/A | AC3: =IF(AA3=AB3,TRUE,IF(AB3="SKIPPED","SKIPPED",IF(AB3="N/A","BLANK",FALSE))) -> BLANK | AD3: 8 | AE3: =MOD(AD3+AD2,10) -> 6 | AF3: N/A | AG3: =IF(AE3=AF3,TRUE,IF(AF3="SKIPPED","SKIPPED",IF(AF3="N/A","BLANK",FALSE))) -> BLANK | AH3: 3 | AI3: =MOD(AH3+AH2,10) -> 9 | AJ3: N/A | AK3: =IF(AI3=AJ3,TRUE,IF(AJ3="SKIPPED","SKIPPED",IF(AJ3="N/A","BLANK",FALSE))) -> BLANK | AL3: 2 | AM3: =MOD(AL3+AL2,10) -> 6 | AN3: N/A | AO3: =IF(AM3=AN3,TRUE,IF(AN3="SKIPPED","SKIPPED",IF(AN3="N/A","BLANK",FALSE))) -> BLANK | AP3: 6 | AQ3: =MOD(AP3+AP2,10) -> 1 | AR3: N/A | AS3: =IF(AQ3=AR3,TRUE,IF(AR3="SKIPPED","SKIPPED",IF(AR3="N/A","BLANK",FALSE))) -> BLANK | AT3: 7 | AU3: =MOD(AT3+AT2,10) -> 6 | AV3: N/A | AW3: =IF(AU3=AV3,TRUE,IF(AV3="SKIPPED","SKIPPED",IF(AV3="N/A","BLANK",FALSE))) -> BLANK | AX3: 4 | AY3: =MOD(AX3+AX2,10) -> 1 | AZ3: N/A | BA3: =IF(AY3=AZ3,TRUE,IF(AZ3="SKIPPED","SKIPPED",IF(AZ3="N/A","BLANK",FALSE))) -> BLANK | BB3: 6 | BC3: =MOD(BB3+BB2,10) -> 8 | BD3: N/A | BE3: =IF(BC3=BD3,TRUE,IF(BD3="SKIPPED","SKIPPED",IF(BD3="N/A","BLANK",FALSE))) -> BLANK | BF3: 3 | BG3: =MOD(BF3+BF2,10) -> 5 | BH3: N/A | BI3: =IF(BG3=BH3,TRUE,IF(BH3="SKIPPED","SKIPPED",IF(BH3="N/A","BLANK",FALSE))) -> BLANK | BJ3: 8 | BK3: =MOD(BJ3+BJ2,10) -> 8 | BL3: N/A | BM3: =IF(BK3=BL3,TRUE,IF(BL3="SKIPPED","SKIPPED",IF(BL3="N/A","BLANK",FALSE))) -> BLANK | BN3: 4 | BO3: =MOD(BN3+BN2,10) -> 6 | BP3: N/A | BQ3: =IF(BO3=BP3,TRUE,IF(BP3="SKIPPED","SKIPPED",IF(BP3="N/A","BLANK",FALSE))) -> BLANK | BR3: 2 | BS3: =MOD(BR3+BR2,10) -> 9 | BT3: N/A | BU3: =IF(BS3=BT3,TRUE,IF(BT3="SKIPPED","SKIPPED",IF(BT3="N/A","BLANK",FALSE))) -> BLANK | BV3: 6 | BW3: =MOD(BV3+BV2,10) -> 5 | BX3: N/A | BY3: =IF(BW3=BX3,TRUE,IF(BX3="SKIPPED","SKIPPED",IF(BX3="N/A","BLANK",FALSE))) -> BLANK | BZ3: 5 | CA3: =MOD(BZ3+BZ2,10) -> 4 | CB3: N/A | CC3: =IF(CA3=CB3,TRUE,IF(CB3="SKIPPED","SKIPPED",IF(CB3="N/A","BLANK",FALSE))) -> BLANK | CD3: 8 | CE3: =MOD(CD3+CD2,10) -> 0 | CF3: N/A | CG3: =IF(CE3=CF3,TRUE,IF(CF3="SKIPPED","SKIPPED",IF(CF3="N/A","BLANK",FALSE))) -> BLANK | CH3: 8 | CI3: =MOD(CH3+CH2,10) -> 4 | CJ3: N/A | CK3: =IF(CI3=CJ3,TRUE,IF(CJ3="SKIPPED","SKIPPED",IF(CJ3="N/A","BLANK",FALSE))) -> BLANK | CL3: 5 | CM3: =MOD(CL3+CL2,10) -> 1 | CN3: N/A | CO3: =IF(CM3=CN3,TRUE,IF(CN3="SKIPPED","SKIPPED",IF(CN3="N/A","BLANK",FALSE))) -> BLANK | CP3: 6 | CQ3: =MOD(CP3+CP2,10) -> 2 | CR3: N/A | CS3: =IF(CQ3=CR3,TRUE,IF(CR3="SKIPPED","SKIPPED",IF(CR3="N/A","BLANK",FALSE))) -> BLANK | CT3: 8 | CU3: =MOD(CT3+CT2,10) -> 2 | CV3: N/A | CW3: =IF(CU3=CV3,TRUE,IF(CV3="SKIPPED","SKIPPED",IF(CV3="N/A","BLANK",FALSE))) -> BLANK | CX3: 3 | CY3: =MOD(CX3+CX2,10) -> 2 | CZ3: N/A | DA3: =IF(CY3=CZ3,TRUE,IF(CZ3="SKIPPED","SKIPPED",IF(CZ3="N/A","BLANK",FALSE))) -> BLANK | DB3: 9 | DC3: =MOD(DB3+DB2,10) -> 2 | DD3: N/A | DE3: =IF(DC3=DD3,TRUE,IF(DD3="SKIPPED","SKIPPED",IF(DD3="N/A","BLANK",FALSE))) -> BLANK | DF3: 7 | DG3: =MOD(DF3+DF2,10) -> 0 | DH3: N/A | DI3: =IF(DG3=DH3,TRUE,IF(DH3="SKIPPED","SKIPPED",IF(DH3="N/A","BLANK",FALSE))) -> BLANK | DJ3: 6 | DK3: =MOD(DJ3+DJ2,10) -> 4 | DL3: N/A | DM3: =IF(DK3=DL3,TRUE,IF(DL3="SKIPPED","SKIPPED",IF(DL3="N/A","BLANK",FALSE))) -> BLANK | DN3: 2 | DO3: =MOD(DN3+DN2,10) -> 1 | DP3: N/A | DQ3: =IF(DO3=DP3,TRUE,IF(DP3="SKIPPED","SKIPPED",IF(DP3="N/A","BLANK",FALSE))) -> BLANK | DR3: 6 | DS3: =MOD(DR3+DR2,10) -> 4 | DT3: N/A | DU3: =IF(DS3=DT3,TRUE,IF(DT3="SKIPPED","SKIPPED",IF(DT3="N/A","BLANK",FALSE))) -> BLANK | DV3: 3 | DW3: =MOD(DV3+DV2,10) -> 7 | DX3: N/A | DY3: =IF(DW3=DX3,TRUE,IF(DX3="SKIPPED","SKIPPED",IF(DX3="N/A","BLANK",FALSE))) -> BLANK | DZ3: 5 | EA3: =MOD(DZ3+DZ2,10) -> 3 | EB3: N/A | EC3: =IF(EA3=EB3,TRUE,IF(EB3="SKIPPED","SKIPPED",IF(EB3="N/A","BLANK",FALSE))) -> BLANK | ED3: 9 | EE3: =MOD(ED3+ED2,10) -> 3 | EF3: N/A | EG3: =IF(EE3=EF3,TRUE,IF(EF3="SKIPPED","SKIPPED",IF(EF3="N/A","BLANK",FALSE))) -> BLANK | EH3: 8 | EI3: =MOD(EH3+EH2,10) -> 6 | EJ3: N/A | EK3: =IF(EI3=EJ3,TRUE,IF(EJ3="SKIPPED","SKIPPED",IF(EJ3="N/A","BLANK",FALSE))) -> BLANK | EL3: 9 | EM3: =MOD(EL3+EL2,10) -> 1 | EN3: N/A | EO3: =IF(EM3=EN3,TRUE,IF(EN3="SKIPPED","SKIPPED",IF(EN3="N/A","BLANK",FALSE))) -> BLANK | EP3: 9 | EQ3: =MOD(EP3+EP2,10) -> 1 | ER3: N/A | ES3: =IF(EQ3=ER3,TRUE,IF(ER3="SKIPPED","SKIPPED",IF(ER3="N/A","BLANK",FALSE))) -> BLANK | ET3: 8 | EU3: =MOD(ET3+ET2,10) -> 5 | EV3: N/A | EW3: =IF(EU3=EV3,TRUE,IF(EV3="SKIPPED","SKIPPED",IF(EV3="N/A","BLANK",FALSE))) -> BLANK | EX3: 8 | EY3: =MOD(EX3+EX2,10) -> 6 | EZ3: N/A | FA3: =IF(EY3=EZ3,TRUE,IF(EZ3="SKIPPED","SKIPPED",IF(EZ3="N/A","BLANK",FALSE))) -> BLANK | FB3: 4 | FC3: =MOD(FB3+FB2,10) -> 9 | FD3: N/A | FE3: =IF(FC3=FD3,TRUE,IF(FD3="SKIPPED","SKIPPED",IF(FD3="N/A","BLANK",FALSE))) -> BLANK
A4: 54 | B4: 7 | C4: =MOD(B4+B3,10) -> 2 | D4: N/A | E4: =IF(C4=D4,TRUE,IF(D4="SKIPPED","SKIPPED",IF(D4="N/A","BLANK",FALSE))) -> BLANK | F4: 9 | G4: =MOD(F4+F3,10) -> 3 | H4: N/A | I4: =IF(G4=H4,TRUE,IF(H4="SKIPPED","SKIPPED",IF(H4="N/A","BLANK",FALSE))) -> BLANK | J4: 3 | K4: =MOD(J4+J3,10) -> 6 | L4: N/A | M4: =IF(K4=L4,TRUE,IF(L4="SKIPPED","SKIPPED",IF(L4="N/A","BLANK",FALSE))) -> BLANK | N4: 2 | O4: =MOD(N4+N3,10) -> 5 | P4: N/A | Q4: =IF(O4=P4,TRUE,IF(P4="SKIPPED","SKIPPED",IF(P4="N/A","BLANK",FALSE))) -> BLANK | R4: 2 | S4: =MOD(R4+R3,10) -> 7 | T4: N/A | U4: =IF(S4=T4,TRUE,IF(T4="SKIPPED","SKIPPED",IF(T4="N/A","BLANK",FALSE))) -> BLANK | V4: 8 | W4: =MOD(V4+V3,10) -> 1 | X4: N/A | Y4: =IF(W4=X4,TRUE,IF(X4="SKIPPED","SKIPPED",IF(X4="N/A","BLANK",FALSE))) -> BLANK | Z4: 8 | AA4: =MOD(Z4+Z3,10) -> 0 | AB4: N/A | AC4: =IF(AA4=AB4,TRUE,IF(AB4="SKIPPED","SKIPPED",IF(AB4="N/A","BLANK",FALSE))) -> BLANK | AD4: 2 | AE4: =MOD(AD4+AD3,10) -> 0 | AF4: N/A | AG4: =IF(AE4=AF4,TRUE,IF(AF4="SKIPPED","SKIPPED",IF(AF4="N/A","BLANK",FALSE))) -> BLANK | AH4: 8 | AI4: =MOD(AH4+AH3,10) -> 1 | AJ4: N/A | AK4: =IF(AI4=AJ4,TRUE,IF(AJ4="SKIPPED","SKIPPED",IF(AJ4="N/A","BLANK",FALSE))) -> BLANK | AL4: 8 | AM4: =MOD(AL4+AL3,10) -> 0 | AN4: N/A | AO4: =IF(AM4=AN4,TRUE,IF(AN4="SKIPPED","SKIPPED",IF(AN4="N/A","BLANK",FALSE))) -> BLANK | AP4: 4 | AQ4: =MOD(AP4+AP3,10) -> 0 | AR4: N/A | AS4: =IF(AQ4=AR4,TRUE,IF(AR4="SKIPPED","SKIPPED",IF(AR4="N/A","BLANK",FALSE))) -> BLANK | AT4: 4 | AU4: =MOD(AT4+AT3,10) -> 1 | AV4: N/A | AW4: =IF(AU4=AV4,TRUE,IF(AV4="SKIPPED","SKIPPED",IF(AV4="N/A","BLANK",FALSE))) -> BLANK | AX4: 4 | AY4: =MOD(AX4+AX3,10) -> 8 | AZ4: N/A | BA4: =IF(AY4=AZ4,TRUE,IF(AZ4="SKIPPED","SKIPPED",IF(AZ4="N/A","BLANK",FALSE))) -> BLANK | BB4: 6 | BC4: =MOD(BB4+BB3,10) -> 2 | BD4: N/A | BE4: =IF(BC4=BD4,TRUE,IF(BD4="SKIPPED","SKIPPED",IF(BD4="N/A","BLANK",FALSE))) -> BLANK | BF4: 5 | BG4: =MOD(BF4+BF3,10) -> 8 | BH4: N/A | BI4: =IF(BG4=BH4,TRUE,IF(BH4="SKIPPED","SKIPPED",IF(BH4="N/A","BLANK",FALSE))) -> BLANK | BJ4: 9 | BK4: =MOD(BJ4+BJ3,10) -> 7 | BL4: N/A | BM4: =IF(BK4=BL4,TRUE,IF(BL4="SKIPPED","SKIPPED",IF(BL4="N/A","BLANK",FALSE))) -> BLANK | BN4: 3 | BO4: =MOD(BN4+BN3,10) -> 7 | BP4: N/A | BQ4: =IF(BO4=BP4,TRUE,IF(BP4="SKIPPED","SKIPPED",IF(BP4="N/A","BLANK",FALSE))) -> BLANK | BR4: 5 | BS4: =MOD(BR4+BR3,10) -> 7 | BT4: N/A | BU4: =IF(BS4=BT4,TRUE,IF(BT4="SKIPPED","SKIPPED",IF(BT4="N/A","BLANK",FALSE))) -> BLANK | BV4: 3 | BW4: =MOD(BV4+BV3,10) -> 9 | BX4: N/A | BY4: =IF(BW4=BX4,TRUE,IF(BX4="SKIPPED","SKIPPED",IF(BX4="N/A","BLANK",FALSE))) -> BLANK | BZ4: 6 | CA4: =MOD(BZ4+BZ3,10) -> 1 | CB4: N/A | CC4: =IF(CA4=CB4,TRUE,IF(CB4="SKIPPED","SKIPPED",IF(CB4="N/A","BLANK",FALSE))) -> BLANK | CD4: 4 | CE4: =MOD(CD4+CD3,10) -> 2 | CF4: N/A | CG4: =IF(CE4=CF4,TRUE,IF(CF4="SKIPPED","SKIPPED",IF(CF4="N/A","BLANK",FALSE))) -> BLANK | CH4: 3 | CI4: =MOD(CH4+CH3,10) -> 1 | CJ4: N/A | CK4: =IF(CI4=CJ4,TRUE,IF(CJ4="SKIPPED","SKIPPED",IF(CJ4="N/A","BLANK",FALSE))) -> BLANK | CL4: 9 | CM4: =MOD(CL4+CL3,10) -> 4 | CN4: N/A | CO4: =IF(CM4=CN4,TRUE,IF(CN4="SKIPPED","SKIPPED",IF(CN4="N/A","BLANK",FALSE))) -> BLANK | CP4: 4 | CQ4: =MOD(CP4+CP3,10) -> 0 | CR4: N/A | CS4: =IF(CQ4=CR4,TRUE,IF(CR4="SKIPPED","SKIPPED",IF(CR4="N/A","BLANK",FALSE))) -> BLANK | CT4: 2 | CU4: =MOD(CT4+CT3,10) -> 0 | CV4: N/A | CW4: =IF(CU4=CV4,TRUE,IF(CV4="SKIPPED","SKIPPED",IF(CV4="N/A","BLANK",FALSE))) -> BLANK | CX4: 7 | CY4: =MOD(CX4+CX3,10) -> 0 | CZ4: N/A | DA4: =IF(CY4=CZ4,TRUE,IF(CZ4="SKIPPED","SKIPPED",IF(CZ4="N/A","BLANK",FALSE))) -> BLANK | DB4: 8 | DC4: =MOD(DB4+DB3,10) -> 7 | DD4: N/A | DE4: =IF(DC4=DD4,TRUE,IF(DD4="SKIPPED","SKIPPED",IF(DD4="N/A","BLANK",FALSE))) -> BLANK | DF4: 4 | DG4: =MOD(DF4+DF3,10) -> 1 | DH4: N/A | DI4: =IF(DG4=DH4,TRUE,IF(DH4="SKIPPED","SKIPPED",IF(DH4="N/A","BLANK",FALSE))) -> BLANK | DJ4: 2 | DK4: =MOD(DJ4+DJ3,10) -> 8 | DL4: N/A | DM4: =IF(DK4=DL4,TRUE,IF(DL4="SKIPPED","SKIPPED",IF(DL4="N/A","BLANK",FALSE))) -> BLANK | DN4: 5 | DO4: =MOD(DN4+DN3,10) -> 7 | DP4: N/A | DQ4: =IF(DO4=DP4,TRUE,IF(DP4="SKIPPED","SKIPPED",IF(DP4="N/A","BLANK",FALSE))) -> BLANK | DR4: 4 | DS4: =MOD(DR4+DR3,10) -> 0 | DT4: N/A | DU4: =IF(DS4=DT4,TRUE,IF(DT4="SKIPPED","SKIPPED",IF(DT4="N/A","BLANK",FALSE))) -> BLANK | DV4: 9 | DW4: =MOD(DV4+DV3,10) -> 2 | DX4: N/A | DY4: =IF(DW4=DX4,TRUE,IF(DX4="SKIPPED","SKIPPED",IF(DX4="N/A","BLANK",FALSE))) -> BLANK | DZ4: 3 | EA4: =MOD(DZ4+DZ3,10) -> 8 | EB4: N/A | EC4: =IF(EA4=EB4,TRUE,IF(EB4="SKIPPED","SKIPPED",IF(EB4="N/A","BLANK",FALSE))) -> BLANK | ED4: 3 | EE4: =MOD(ED4+ED3,10) -> 2 | EF4: N/A | EG4: =IF(EE4=EF4,TRUE,IF(EF4="SKIPPED","SKIPPED",IF(EF4="N/A","BLANK",FALSE))) -> BLANK | EH4: 4 | EI4: =MOD(EH4+EH3,10) -> 2 | EJ4: N/A | EK4: =IF(EI4=EJ4,TRUE,IF(EJ4="SKIPPED","SKIPPED",IF(EJ4="N/A","BLANK",FALSE))) -> BLANK | EL4: 7 | EM4: =MOD(EL4+EL3,10) -> 6 | EN4: N/A | EO4: =IF(EM4=EN4,TRUE,IF(EN4="SKIPPED","SKIPPED",IF(EN4="N/A","BLANK",FALSE))) -> BLANK | EP4: 4 | EQ4: =MOD(EP4+EP3,10) -> 3 | ER4: N/A | ES4: =IF(EQ4=ER4,TRUE,IF(ER4="SKIPPED","SKIPPED",IF(ER4="N/A","BLANK",FALSE))) -> BLANK | ET4: 2 | EU4: =MOD(ET4+ET3,10) -> 0 | EV4: N/A | EW4: =IF(EU4=EV4,TRUE,IF(EV4="SKIPPED","SKIPPED",IF(EV4="N/A","BLANK",FALSE))) -> BLANK | EX4: 9 | EY4: =MOD(EX4+EX3,10) -> 7 | EZ4: N/A | FA4: =IF(EY4=EZ4,TRUE,IF(EZ4="SKIPPED","SKIPPED",IF(EZ4="N/A","BLANK",FALSE))) -> BLANK | FB4: 8 | FC4: =MOD(FB4+FB3,10) -> 2 | FD4: N/A | FE4: =IF(FC4=FD4,TRUE,IF(FD4="SKIPPED","SKIPPED",IF(FD4="N/A","BLANK",FALSE))) -> BLANK
A5: 53 | B5: 2 | C5: =MOD(B5+B4,10) -> 9 | D5: N/A | E5: =IF(C5=D5,TRUE,IF(D5="SKIPPED","SKIPPED",IF(D5="N/A","BLANK",FALSE))) -> BLANK | F5: 8 | G5: =MOD(F5+F4,10) -> 7 | H5: N/A | I5: =IF(G5=H5,TRUE,IF(H5="SKIPPED","SKIPPED",IF(H5="N/A","BLANK",FALSE))) -> BLANK | J5: 6 | K5: =MOD(J5+J4,10) -> 9 | L5: N/A | M5: =IF(K5=L5,TRUE,IF(L5="SKIPPED","SKIPPED",IF(L5="N/A","BLANK",FALSE))) -> BLANK | N5: 6 | O5: =MOD(N5+N4,10) -> 8 | P5: N/A | Q5: =IF(O5=P5,TRUE,IF(P5="SKIPPED","SKIPPED",IF(P5="N/A","BLANK",FALSE))) -> BLANK | R5: 7 | S5: =MOD(R5+R4,10) -> 9 | T5: N/A | U5: =IF(S5=T5,TRUE,IF(T5="SKIPPED","SKIPPED",IF(T5="N/A","BLANK",FALSE))) -> BLANK | V5: 4 | W5: =MOD(V5+V4,10) -> 2 | X5: N/A | Y5: =IF(W5=X5,TRUE,IF(X5="SKIPPED","SKIPPED",IF(X5="N/A","BLANK",FALSE))) -> BLANK | Z5: 9 | AA5: =MOD(Z5+Z4,10) -> 7 | AB5: N/A | AC5: =IF(AA5=AB5,TRUE,IF(AB5="SKIPPED","SKIPPED",IF(AB5="N/A","BLANK",FALSE))) -> BLANK | AD5: 6 | AE5: =MOD(AD5+AD4,10) -> 8 | AF5: N/A | AG5: =IF(AE5=AF5,TRUE,IF(AF5="SKIPPED","SKIPPED",IF(AF5="N/A","BLANK",FALSE))) -> BLANK | AH5: 8 | AI5: =MOD(AH5+AH4,10) -> 6 | AJ5: N/A | AK5: =IF(AI5=AJ5,TRUE,IF(AJ5="SKIPPED","SKIPPED",IF(AJ5="N/A","BLANK",FALSE))) -> BLANK | AL5: 6 | AM5: =MOD(AL5+AL4,10) -> 4 | AN5: N/A | AO5: =IF(AM5=AN5,TRUE,IF(AN5="SKIPPED","SKIPPED",IF(AN5="N/A","BLANK",FALSE))) -> BLANK | AP5: 3 | AQ5: =MOD(AP5+AP4,10) -> 7 | AR5: N/A | AS5: =IF(AQ5=AR5,TRUE,IF(AR5="SKIPPED","SKIPPED",IF(AR5="N/A","BLANK",FALSE))) -> BLANK | AT5: 8 | AU5: =MOD(AT5+AT4,10) -> 2 | AV5: N/A | AW5: =IF(AU5=AV5,TRUE,IF(AV5="SKIPPED","SKIPPED",IF(AV5="N/A","BLANK",FALSE))) -> BLANK | AX5: 3 | AY5: =MOD(AX5+AX4,10) -> 7 | AZ5: N/A | BA5: =IF(AY5=AZ5,TRUE,IF(AZ5="SKIPPED","SKIPPED",IF(AZ5="N/A","BLANK",FALSE))) -> BLANK | BB5: 8 | BC5: =MOD(BB5+BB4,10) -> 4 | BD5: N/A | BE5: =IF(BC5=BD5,TRUE,IF(BD5="SKIPPED","SKIPPED",IF(BD5="N/A","BLANK",FALSE))) -> BLANK | BF5: 6 | BG5: =MOD(BF5+BF4,10) -> 1 | BH5: N/A | BI5: =IF(BG5=BH5,TRUE,IF(BH5="SKIPPED","SKIPPED",IF(BH5="N/A","BLANK",FALSE))) -> BLANK | BJ5: 8 | BK5: =MOD(BJ5+BJ4,10) -> 7 | BL5: N/A | BM5: =IF(BK5=BL5,TRUE,IF(BL5="SKIPPED","SKIPPED",IF(BL5="N/A","BLANK",FALSE))) -> BLANK | BN5: 8 | BO5: =MOD(BN5+BN4,10) -> 1 | BP5: N/A | BQ5: =IF(BO5=BP5,TRUE,IF(BP5="SKIPPED","SKIPPED",IF(BP5="N/A","BLANK",FALSE))) -> BLANK | BR5: 6 | BS5: =MOD(BR5+BR4,10) -> 1 | BT5: N/A | BU5: =IF(BS5=BT5,TRUE,IF(BT5="SKIPPED","SKIPPED",IF(BT5="N/A","BLANK",FALSE))) -> BLANK | BV5: 3 | BW5: =MOD(BV5+BV4,10) -> 6 | BX5: N/A | BY5: =IF(BW5=BX5,TRUE,IF(BX5="SKIPPED","SKIPPED",IF(BX5="N/A","BLANK",FALSE))) -> BLANK | BZ5: 6 | CA5: =MOD(BZ5+BZ4,10) -> 2 | CB5: N/A | CC5: =IF(CA5=CB5,TRUE,IF(CB5="SKIPPED","SKIPPED",IF(CB5="N/A","BLANK",FALSE))) -> BLANK | CD5: 2 | CE5: =MOD(CD5+CD4,10) -> 6 | CF5: N/A | CG5: =IF(CE5=CF5,TRUE,IF(CF5="SKIPPED","SKIPPED",IF(CF5="N/A","BLANK",FALSE))) -> BLANK | CH5: 6 | CI5: =MOD(CH5+CH4,10) -> 9 | CJ5: N/A | CK5: =IF(CI5=CJ5,TRUE,IF(CJ5="SKIPPED","SKIPPED",IF(CJ5="N/A","BLANK",FALSE))) -> BLANK | CL5: 8 | CM5: =MOD(CL5+CL4,10) -> 7 | CN5: N/A | CO5: =IF(CM5=CN5,TRUE,IF(CN5="SKIPPED","SKIPPED",IF(CN5="N/A","BLANK",FALSE))) -> BLANK | CP5: 7 | CQ5: =MOD(CP5+CP4,10) -> 1 | CR5: N/A | CS5: =IF(CQ5=CR5,TRUE,IF(CR5="SKIPPED","SKIPPED",IF(CR5="N/A","BLANK",FALSE))) -> BLANK | CT5: 3 | CU5: =MOD(CT5+CT4,10) -> 5 | CV5: N/A | CW5: =IF(CU5=CV5,TRUE,IF(CV5="SKIPPED","SKIPPED",IF(CV5="N/A","BLANK",FALSE))) -> BLANK | CX5: 9 | CY5: =MOD(CX5+CX4,10) -> 6 | CZ5: N/A | DA5: =IF(CY5=CZ5,TRUE,IF(CZ5="SKIPPED","SKIPPED",IF(CZ5="N/A","BLANK",FALSE))) -> BLANK | DB5: 5 | DC5: =MOD(DB5+DB4,10) -> 3 | DD5: N/A | DE5: =IF(DC5=DD5,TRUE,IF(DD5="SKIPPED","SKIPPED",IF(DD5="N/A","BLANK",FALSE))) -> BLANK | DF5: 5 | DG5: =MOD(DF5+DF4,10) -> 9 | DH5: N/A | DI5: =IF(DG5=DH5,TRUE,IF(DH5="SKIPPED","SKIPPED",IF(DH5="N/A","BLANK",FALSE))) -> BLANK | DJ5: 8 | DK5: =MOD(DJ5+DJ4,10) -> 0 | DL5: N/A | DM5: =IF(DK5=DL5,TRUE,IF(DL5="SKIPPED","SKIPPED",IF(DL5="N/A","BLANK",FALSE))) -> BLANK | DN5: 4 | DO5: =MOD(DN5+DN4,10) -> 9 | DP5: N/A | DQ5: =IF(DO5=DP5,TRUE,IF(DP5="SKIPPED","SKIPPED",IF(DP5="N/A","BLANK",FALSE))) -> BLANK | DR5: 9 | DS5: =MOD(DR5+DR4,10) -> 3 | DT5: N/A | DU5: =IF(DS5=DT5,TRUE,IF(DT5="SKIPPED","SKIPPED",IF(DT5="N/A","BLANK",FALSE))) -> BLANK | DV5: 8 | DW5: =MOD(DV5+DV4,10) -> 7 | DX5: N/A | DY5: =IF(DW5=DX5,TRUE,IF(DX5="SKIPPED","SKIPPED",IF(DX5="N/A","BLANK",FALSE))) -> BLANK | DZ5: 3 | EA5: =MOD(DZ5+DZ4,10) -> 6 | EB5: N/A | EC5: =IF(EA5=EB5,TRUE,IF(EB5="SKIPPED","SKIPPED",IF(EB5="N/A","BLANK",FALSE))) -> BLANK | ED5: 6 | EE5: =MOD(ED5+ED4,10) -> 9 | EF5: N/A | EG5: =IF(EE5=EF5,TRUE,IF(EF5="SKIPPED","SKIPPED",IF(EF5="N/A","BLANK",FALSE))) -> BLANK | EH5: 7 | EI5: =MOD(EH5+EH4,10) -> 1 | EJ5: N/A | EK5: =IF(EI5=EJ5,TRUE,IF(EJ5="SKIPPED","SKIPPED",IF(EJ5="N/A","BLANK",FALSE))) -> BLANK | EL5: 5 | EM5: =MOD(EL5+EL4,10) -> 2 | EN5: N/A | EO5: =IF(EM5=EN5,TRUE,IF(EN5="SKIPPED","SKIPPED",IF(EN5="N/A","BLANK",FALSE))) -> BLANK | EP5: 3 | EQ5: =MOD(EP5+EP4,10) -> 7 | ER5: N/A | ES5: =IF(EQ5=ER5,TRUE,IF(ER5="SKIPPED","SKIPPED",IF(ER5="N/A","BLANK",FALSE))) -> BLANK | ET5: 2 | EU5: =MOD(ET5+ET4,10) -> 4 | EV5: N/A | EW5: =IF(EU5=EV5,TRUE,IF(EV5="SKIPPED","SKIPPED",IF(EV5="N/A","BLANK",FALSE))) -> BLANK | EX5: 2 | EY5: =MOD(EX5+EX4,10) -> 1 | EZ5: N/A | FA5: =IF(EY5=EZ5,TRUE,IF(EZ5="SKIPPED","SKIPPED",IF(EZ5="N/A","BLANK",FALSE))) -> BLANK | FB5: 8 | FC5: =MOD(FB5+FB4,10) -> 6 | FD5: N/A | FE5: =IF(FC5=FD5,TRUE,IF(FD5="SKIPPED","SKIPPED",IF(FD5="N/A","BLANK",FALSE))) -> BLANK
A6: 52 | B6: 9 | C6: =MOD(B6+B5,10) -> 1 | D6: N/A | E6: =IF(C6=D6,TRUE,IF(D6="SKIPPED","SKIPPED",IF(D6="N/A","BLANK",FALSE))) -> BLANK | F6: 9 | G6: =MOD(F6+F5,10) -> 7 | H6: N/A | I6: =IF(G6=H6,TRUE,IF(H6="SKIPPED","SKIPPED",IF(H6="N/A","BLANK",FALSE))) -> BLANK | J6: 0 | K6: =MOD(J6+J5,10) -> 6 | L6: N/A | M6: =IF(K6=L6,TRUE,IF(L6="SKIPPED","SKIPPED",IF(L6="N/A","BLANK",FALSE))) -> BLANK | N6: 4 | O6: =MOD(N6+N5,10) -> 0 | P6: N/A | Q6: =IF(O6=P6,TRUE,IF(P6="SKIPPED","SKIPPED",IF(P6="N/A","BLANK",FALSE))) -> BLANK | R6: 6 | S6: =MOD(R6+R5,10) -> 3 | T6: N/A | U6: =IF(S6=T6,TRUE,IF(T6="SKIPPED","SKIPPED",IF(T6="N/A","BLANK",FALSE))) -> BLANK | V6: 8 | W6: =MOD(V6+V5,10) -> 2 | X6: N/A | Y6: =IF(W6=X6,TRUE,IF(X6="SKIPPED","SKIPPED",IF(X6="N/A","BLANK",FALSE))) -> BLANK | Z6: 7 | AA6: =MOD(Z6+Z5,10) -> 6 | AB6: N/A | AC6: =IF(AA6=AB6,TRUE,IF(AB6="SKIPPED","SKIPPED",IF(AB6="N/A","BLANK",FALSE))) -> BLANK | AD6: 7 | AE6: =MOD(AD6+AD5,10) -> 3 | AF6: N/A | AG6: =IF(AE6=AF6,TRUE,IF(AF6="SKIPPED","SKIPPED",IF(AF6="N/A","BLANK",FALSE))) -> BLANK | AH6: 7 | AI6: =MOD(AH6+AH5,10) -> 5 | AJ6: N/A | AK6: =IF(AI6=AJ6,TRUE,IF(AJ6="SKIPPED","SKIPPED",IF(AJ6="N/A","BLANK",FALSE))) -> BLANK | AL6: 2 | AM6: =MOD(AL6+AL5,10) -> 8 | AN6: N/A | AO6: =IF(AM6=AN6,TRUE,IF(AN6="SKIPPED","SKIPPED",IF(AN6="N/A","BLANK",FALSE))) -> BLANK | AP6: 4 | AQ6: =MOD(AP6+AP5,10) -> 7 | AR6: N/A | AS6: =IF(AQ6=AR6,TRUE,IF(AR6="SKIPPED","SKIPPED",IF(AR6="N/A","BLANK",FALSE))) -> BLANK | AT6: 2 | AU6: =MOD(AT6+AT5,10) -> 0 | AV6: N/A | AW6: =IF(AU6=AV6,TRUE,IF(AV6="SKIPPED","SKIPPED",IF(AV6="N/A","BLANK",FALSE))) -> BLANK | AX6: 6 | AY6: =MOD(AX6+AX5,10) -> 9 | AZ6: N/A | BA6: =IF(AY6=AZ6,TRUE,IF(AZ6="SKIPPED","SKIPPED",IF(AZ6="N/A","BLANK",FALSE))) -> BLANK | BB6: 6 | BC6: =MOD(BB6+BB5,10) -> 4 | BD6: N/A | BE6: =IF(BC6=BD6,TRUE,IF(BD6="SKIPPED","SKIPPED",IF(BD6="N/A","BLANK",FALSE))) -> BLANK | BF6: 5 | BG6: =MOD(BF6+BF5,10) -> 1 | BH6: N/A | BI6: =IF(BG6=BH6,TRUE,IF(BH6="SKIPPED","SKIPPED",IF(BH6="N/A","BLANK",FALSE))) -> BLANK | BJ6: 2 | BK6: =MOD(BJ6+BJ5,10) -> 0 | BL6: N/A | BM6: =IF(BK6=BL6,TRUE,IF(BL6="SKIPPED","SKIPPED",IF(BL6="N/A","BLANK",FALSE))) -> BLANK | BN6: 4 | BO6: =MOD(BN6+BN5,10) -> 2 | BP6: N/A | BQ6: =IF(BO6=BP6,TRUE,IF(BP6="SKIPPED","SKIPPED",IF(BP6="N/A","BLANK",FALSE))) -> BLANK | BR6: 5 | BS6: =MOD(BR6+BR5,10) -> 1 | BT6: N/A | BU6: =IF(BS6=BT6,TRUE,IF(BT6="SKIPPED","SKIPPED",IF(BT6="N/A","BLANK",FALSE))) -> BLANK | BV6: 5 | BW6: =MOD(BV6+BV5,10) -> 8 | BX6: N/A | BY6: =IF(BW6=BX6,TRUE,IF(BX6="SKIPPED","SKIPPED",IF(BX6="N/A","BLANK",FALSE))) -> BLANK | BZ6: 7 | CA6: =MOD(BZ6+BZ5,10) -> 3 | CB6: N/A | CC6: =IF(CA6=CB6,TRUE,IF(CB6="SKIPPED","SKIPPED",IF(CB6="N/A","BLANK",FALSE))) -> BLANK | CD6: 8 | CE6: =MOD(CD6+CD5,10) -> 0 | CF6: N/A | CG6: =IF(CE6=CF6,TRUE,IF(CF6="SKIPPED","SKIPPED",IF(CF6="N/A","BLANK",FALSE))) -> BLANK | CH6: 4 | CI6: =MOD(CH6+CH5,10) -> 0 | CJ6: N/A | CK6: =IF(CI6=CJ6,TRUE,IF(CJ6="SKIPPED","SKIPPED",IF(CJ6="N/A","BLANK",FALSE))) -> BLANK | CL6: 3 | CM6: =MOD(CL6+CL5,10) -> 1 | CN6: N/A | CO6: =IF(CM6=CN6,TRUE,IF(CN6="SKIPPED","SKIPPED",IF(CN6="N/A","BLANK",FALSE))) -> BLANK | CP6: 2 | CQ6: =MOD(CP6+CP5,10) -> 9 | CR6: N/A | CS6: =IF(CQ6=CR6,TRUE,IF(CR6="SKIPPED","SKIPPED",IF(CR6="N/A","BLANK",FALSE))) -> BLANK | CT6: 4 | CU6: =MOD(CT6+CT5,10) -> 7 | CV6: N/A | CW6: =IF(CU6=CV6,TRUE,IF(CV6="SKIPPED","SKIPPED",IF(CV6="N/A","BLANK",FALSE))) -> BLANK | CX6: 9 | CY6: =MOD(CX6+CX5,10) -> 8 | CZ6: N/A | DA6: =IF(CY6=CZ6,TRUE,IF(CZ6="SKIPPED","SKIPPED",IF(CZ6="N/A","BLANK",FALSE))) -> BLANK | DB6: 7 | DC6: =MOD(DB6+DB5,10) -> 2 | DD6: N/A | DE6: =IF(DC6=DD6,TRUE,IF(DD6="SKIPPED","SKIPPED",IF(DD6="N/A","BLANK",FALSE))) -> BLANK | DF6: 9 | DG6: =MOD(DF6+DF5,10) -> 4 | DH6: N/A | DI6: =IF(DG6=DH6,TRUE,IF(DH6="SKIPPED","SKIPPED",IF(DH6="N/A","BLANK",FALSE))) -> BLANK | DJ6: 3 | DK6: =MOD(DJ6+DJ5,10) -> 1 | DL6: N/A | DM6: =IF(DK6=DL6,TRUE,IF(DL6="SKIPPED","SKIPPED",IF(DL6="N/A","BLANK",FALSE))) -> BLANK | DN6: 6 | DO6: =MOD(DN6+DN5,10) -> 0 | DP6: N/A | DQ6: =IF(DO6=DP6,TRUE,IF(DP6="SKIPPED","SKIPPED",IF(DP6="N/A","BLANK",FALSE))) -> BLANK | DR6: 4 | DS6: =MOD(DR6+DR5,10) -> 3 | DT6: N/A | DU6: =IF(DS6=DT6,TRUE,IF(DT6="SKIPPED","SKIPPED",IF(DT6="N/A","BLANK",FALSE))) -> BLANK | DV6: 5 | DW6: =MOD(DV6+DV5,10) -> 3 | DX6: N/A | DY6: =IF(DW6=DX6,TRUE,IF(DX6="SKIPPED","SKIPPED",IF(DX6="N/A","BLANK",FALSE))) -> BLANK | DZ6: 8 | EA6: =MOD(DZ6+DZ5,10) -> 1 | EB6: N/A | EC6: =IF(EA6=EB6,TRUE,IF(EB6="SKIPPED","SKIPPED",IF(EB6="N/A","BLANK",FALSE))) -> BLANK | ED6: 7 | EE6: =MOD(ED6+ED5,10) -> 3 | EF6: N/A | EG6: =IF(EE6=EF6,TRUE,IF(EF6="SKIPPED","SKIPPED",IF(EF6="N/A","BLANK",FALSE))) -> BLANK | EH6: 9 | EI6: =MOD(EH6+EH5,10) -> 6 | EJ6: N/A | EK6: =IF(EI6=EJ6,TRUE,IF(EJ6="SKIPPED","SKIPPED",IF(EJ6="N/A","BLANK",FALSE))) -> BLANK | EL6: 6 | EM6: =MOD(EL6+EL5,10) -> 1 | EN6: N/A | EO6: =IF(EM6=EN6,TRUE,IF(EN6="SKIPPED","SKIPPED",IF(EN6="N/A","BLANK",FALSE))) -> BLANK | EP6: 3 | EQ6: =MOD(EP6+EP5,10) -> 6 | ER6: N/A | ES6: =IF(EQ6=ER6,TRUE,IF(ER6="SKIPPED","SKIPPED",IF(ER6="N/A","BLANK",FALSE))) -> BLANK | ET6: 9 | EU6: =MOD(ET6+ET5,10) -> 1 | EV6: N/A | EW6: =IF(EU6=EV6,TRUE,IF(EV6="SKIPPED","SKIPPED",IF(EV6="N/A","BLANK",FALSE))) -> BLANK | EX6: 5 | EY6: =MOD(EX6+EX5,10) -> 7 | EZ6: N/A | FA6: =IF(EY6=EZ6,TRUE,IF(EZ6="SKIPPED","SKIPPED",IF(EZ6="N/A","BLANK",FALSE))) -> BLANK | FB6: 2 | FC6: =MOD(FB6+FB5,10) -> 0 | FD6: N/A | FE6: =IF(FC6=FD6,TRUE,IF(FD6="SKIPPED","SKIPPED",IF(FD6="N/A","BLANK",FALSE))) -> BLANK
A7: 51 | B7: 6 | C7: =MOD(B7+B6,10) -> 5 | D7: N/A | E7: =IF(C7=D7,TRUE,IF(D7="SKIPPED","SKIPPED",IF(D7="N/A","BLANK",FALSE))) -> BLANK | F7: 5 | G7: =MOD(F7+F6,10) -> 4 | H7: N/A | I7: =IF(G7=H7,TRUE,IF(H7="SKIPPED","SKIPPED",IF(H7="N/A","BLANK",FALSE))) -> BLANK | J7: 2 | K7: =MOD(J7+J6,10) -> 2 | L7: N/A | M7: =IF(K7=L7,TRUE,IF(L7="SKIPPED","SKIPPED",IF(L7="N/A","BLANK",FALSE))) -> BLANK | N7: 8 | O7: =MOD(N7+N6,10) -> 2 | P7: N/A | Q7: =IF(O7=P7,TRUE,IF(P7="SKIPPED","SKIPPED",IF(P7="N/A","BLANK",FALSE))) -> BLANK | R7: 7 | S7: =MOD(R7+R6,10) -> 3 | T7: N/A | U7: =IF(S7=T7,TRUE,IF(T7="SKIPPED","SKIPPED",IF(T7="N/A","BLANK",FALSE))) -> BLANK | V7: 7 | W7: =MOD(V7+V6,10) -> 5 | X7: N/A | Y7: =IF(W7=X7,TRUE,IF(X7="SKIPPED","SKIPPED",IF(X7="N/A","BLANK",FALSE))) -> BLANK | Z7: 9 | AA7: =MOD(Z7+Z6,10) -> 6 | AB7: N/A | AC7: =IF(AA7=AB7,TRUE,IF(AB7="SKIPPED","SKIPPED",IF(AB7="N/A","BLANK",FALSE))) -> BLANK | AD7: 7 | AE7: =MOD(AD7+AD6,10) -> 4 | AF7: N/A | AG7: =IF(AE7=AF7,TRUE,IF(AF7="SKIPPED","SKIPPED",IF(AF7="N/A","BLANK",FALSE))) -> BLANK | AH7: 6 | AI7: =MOD(AH7+AH6,10) -> 3 | AJ7: N/A | AK7: =IF(AI7=AJ7,TRUE,IF(AJ7="SKIPPED","SKIPPED",IF(AJ7="N/A","BLANK",FALSE))) -> BLANK | AL7: 3 | AM7: =MOD(AL7+AL6,10) -> 5 | AN7: N/A | AO7: =IF(AM7=AN7,TRUE,IF(AN7="SKIPPED","SKIPPED",IF(AN7="N/A","BLANK",FALSE))) -> BLANK | AP7: 3 | AQ7: =MOD(AP7+AP6,10) -> 7 | AR7: N/A | AS7: =IF(AQ7=AR7,TRUE,IF(AR7="SKIPPED","SKIPPED",IF(AR7="N/A","BLANK",FALSE))) -> BLANK | AT7: 9 | AU7: =MOD(AT7+AT6,10) -> 1 | AV7: N/A | AW7: =IF(AU7=AV7,TRUE,IF(AV7="SKIPPED","SKIPPED",IF(AV7="N/A","BLANK",FALSE))) -> BLANK | AX7: 4 | AY7: =MOD(AX7+AX6,10) -> 0 | AZ7: N/A | BA7: =IF(AY7=AZ7,TRUE,IF(AZ7="SKIPPED","SKIPPED",IF(AZ7="N/A","BLANK",FALSE))) -> BLANK | BB7: 9 | BC7: =MOD(BB7+BB6,10) -> 5 | BD7: N/A | BE7: =IF(BC7=BD7,TRUE,IF(BD7="SKIPPED","SKIPPED",IF(BD7="N/A","BLANK",FALSE))) -> BLANK | BF7: 9 | BG7: =MOD(BF7+BF6,10) -> 4 | BH7: N/A | BI7: =IF(BG7=BH7,TRUE,IF(BH7="SKIPPED","SKIPPED",IF(BH7="N/A","BLANK",FALSE))) -> BLANK | BJ7: 9 | BK7: =MOD(BJ7+BJ6,10) -> 1 | BL7: N/A | BM7: =IF(BK7=BL7,TRUE,IF(BL7="SKIPPED","SKIPPED",IF(BL7="N/A","BLANK",FALSE))) -> BLANK | BN7: 7 | BO7: =MOD(BN7+BN6,10) -> 1 | BP7: N/A | BQ7: =IF(BO7=BP7,TRUE,IF(BP7="SKIPPED","SKIPPED",IF(BP7="N/A","BLANK",FALSE))) -> BLANK | BR7: 9 | BS7: =MOD(BR7+BR6,10) -> 4 | BT7: N/A | BU7: =IF(BS7=BT7,TRUE,IF(BT7="SKIPPED","SKIPPED",IF(BT7="N/A","BLANK",FALSE))) -> BLANK | BV7: 7 | BW7: =MOD(BV7+BV6,10) -> 2 | BX7: N/A | BY7: =IF(BW7=BX7,TRUE,IF(BX7="SKIPPED","SKIPPED",IF(BX7="N/A","BLANK",FALSE))) -> BLANK | BZ7: 8 | CA7: =MOD(BZ7+BZ6,10) -> 5 | CB7: N/A | CC7: =IF(CA7=CB7,TRUE,IF(CB7="SKIPPED","SKIPPED",IF(CB7="N/A","BLANK",FALSE))) -> BLANK | CD7: 2 | CE7: =MOD(CD7+CD6,10) -> 0 | CF7: N/A | CG7: =IF(CE7=CF7,TRUE,IF(CF7="SKIPPED","SKIPPED",IF(CF7="N/A","BLANK",FALSE))) -> BLANK | CH7: 7 | CI7: =MOD(CH7+CH6,10) -> 1 | CJ7: N/A | CK7: =IF(CI7=CJ7,TRUE,IF(CJ7="SKIPPED","SKIPPED",IF(CJ7="N/A","BLANK",FALSE))) -> BLANK | CL7: 7 | CM7: =MOD(CL7+CL6,10) -> 0 | CN7: N/A | CO7: =IF(CM7=CN7,TRUE,IF(CN7="SKIPPED","SKIPPED",IF(CN7="N/A","BLANK",FALSE))) -> BLANK | CP7: 2 | CQ7: =MOD(CP7+CP6,10) -> 4 | CR7: N/A | CS7: =IF(CQ7=CR7,TRUE,IF(CR7="SKIPPED","SKIPPED",IF(CR7="N/A","BLANK",FALSE))) -> BLANK | CT7: 2 | CU7: =MOD(CT7+CT6,10) -> 6 | CV7: N/A | CW7: =IF(CU7=CV7,TRUE,IF(CV7="SKIPPED","SKIPPED",IF(CV7="N/A","BLANK",FALSE))) -> BLANK | CX7: 5 | CY7: =MOD(CX7+CX6,10) -> 4 | CZ7: N/A | DA7: =IF(CY7=CZ7,TRUE,IF(CZ7="SKIPPED","SKIPPED",IF(CZ7="N/A","BLANK",FALSE))) -> BLANK | DB7: 5 | DC7: =MOD(DB7+DB6,10) -> 2 | DD7: N/A | DE7: =IF(DC7=DD7,TRUE,IF(DD7="SKIPPED","SKIPPED",IF(DD7="N/A","BLANK",FALSE))) -> BLANK | DF7: 7 | DG7: =MOD(DF7+DF6,10) -> 6 | DH7: N/A | DI7: =IF(DG7=DH7,TRUE,IF(DH7="SKIPPED","SKIPPED",IF(DH7="N/A","BLANK",FALSE))) -> BLANK | DJ7: 3 | DK7: =MOD(DJ7+DJ6,10) -> 6 | DL7: N/A | DM7: =IF(DK7=DL7,TRUE,IF(DL7="SKIPPED","SKIPPED",IF(DL7="N/A","BLANK",FALSE))) -> BLANK | DN7: 9 | DO7: =MOD(DN7+DN6,10) -> 5 | DP7: N/A | DQ7: =IF(DO7=DP7,TRUE,IF(DP7="SKIPPED","SKIPPED",IF(DP7="N/A","BLANK",FALSE))) -> BLANK | DR7: 4 | DS7: =MOD(DR7+DR6,10) -> 8 | DT7: N/A | DU7: =IF(DS7=DT7,TRUE,IF(DT7="SKIPPED","SKIPPED",IF(DT7="N/A","BLANK",FALSE))) -> BLANK | DV7: 8 | DW7: =MOD(DV7+DV6,10) -> 3 | DX7: N/A | DY7: =IF(DW7=DX7,TRUE,IF(DX7="SKIPPED","SKIPPED",IF(DX7="N/A","BLANK",FALSE))) -> BLANK | DZ7: 7 | EA7: =MOD(DZ7+DZ6,10) -> 5 | EB7: N/A | EC7: =IF(EA7=EB7,TRUE,IF(EB7="SKIPPED","SKIPPED",IF(EB7="N/A","BLANK",FALSE))) -> BLANK | ED7: 6 | EE7: =MOD(ED7+ED6,10) -> 3 | EF7: N/A | EG7: =IF(EE7=EF7,TRUE,IF(EF7="SKIPPED","SKIPPED",IF(EF7="N/A","BLANK",FALSE))) -> BLANK | EH7: 7 | EI7: =MOD(EH7+EH6,10) -> 6 | EJ7: N/A | EK7: =IF(EI7=EJ7,TRUE,IF(EJ7="SKIPPED","SKIPPED",IF(EJ7="N/A","BLANK",FALSE))) -> BLANK | EL7: 5 | EM7: =MOD(EL7+EL6,10) -> 1 | EN7: N/A | EO7: =IF(EM7=EN7,TRUE,IF(EN7="SKIPPED","SKIPPED",IF(EN7="N/A","BLANK",FALSE))) -> BLANK | EP7: 8 | EQ7: =MOD(EP7+EP6,10) -> 1 | ER7: N/A | ES7: =IF(EQ7=ER7,TRUE,IF(ER7="SKIPPED","SKIPPED",IF(ER7="N/A","BLANK",FALSE))) -> BLANK | ET7: 2 | EU7: =MOD(ET7+ET6,10) -> 1 | EV7: N/A | EW7: =IF(EU7=EV7,TRUE,IF(EV7="SKIPPED","SKIPPED",IF(EV7="N/A","BLANK",FALSE))) -> BLANK | EX7: 8 | EY7: =MOD(EX7+EX6,10) -> 3 | EZ7: N/A | FA7: =IF(EY7=EZ7,TRUE,IF(EZ7="SKIPPED","SKIPPED",IF(EZ7="N/A","BLANK",FALSE))) -> BLANK | FB7: 5 | FC7: =MOD(FB7+FB6,10) -> 7 | FD7: N/A | FE7: =IF(FC7=FD7,TRUE,IF(FD7="SKIPPED","SKIPPED",IF(FD7="N/A","BLANK",FALSE))) -> BLANK
A8: 50 | B8: 9 | C8: =MOD(B8+B7,10) -> 5 | D8: N/A | E8: =IF(C8=D8,TRUE,IF(D8="SKIPPED","SKIPPED",IF(D8="N/A","BLANK",FALSE))) -> BLANK | F8: 6 | G8: =MOD(F8+F7,10) -> 1 | H8: N/A | I8: =IF(G8=H8,TRUE,IF(H8="SKIPPED","SKIPPED",IF(H8="N/A","BLANK",FALSE))) -> BLANK | J8: 2 | K8: =MOD(J8+J7,10) -> 4 | L8: N/A | M8: =IF(K8=L8,TRUE,IF(L8="SKIPPED","SKIPPED",IF(L8="N/A","BLANK",FALSE))) -> BLANK | N8: 3 | O8: =MOD(N8+N7,10) -> 1 | P8: N/A | Q8: =IF(O8=P8,TRUE,IF(P8="SKIPPED","SKIPPED",IF(P8="N/A","BLANK",FALSE))) -> BLANK | R8: 4 | S8: =MOD(R8+R7,10) -> 1 | T8: N/A | U8: =IF(S8=T8,TRUE,IF(T8="SKIPPED","SKIPPED",IF(T8="N/A","BLANK",FALSE))) -> BLANK | V8: 3 | W8: =MOD(V8+V7,10) -> 0 | X8: N/A | Y8: =IF(W8=X8,TRUE,IF(X8="SKIPPED","SKIPPED",IF(X8="N/A","BLANK",FALSE))) -> BLANK | Z8: 3 | AA8: =MOD(Z8+Z7,10) -> 2 | AB8: N/A | AC8: =IF(AA8=AB8,TRUE,IF(AB8="SKIPPED","SKIPPED",IF(AB8="N/A","BLANK",FALSE))) -> BLANK | AD8: 5 | AE8: =MOD(AD8+AD7,10) -> 2 | AF8: N/A | AG8: =IF(AE8=AF8,TRUE,IF(AF8="SKIPPED","SKIPPED",IF(AF8="N/A","BLANK",FALSE))) -> BLANK | AH8: 8 | AI8: =MOD(AH8+AH7,10) -> 4 | AJ8: N/A | AK8: =IF(AI8=AJ8,TRUE,IF(AJ8="SKIPPED","SKIPPED",IF(AJ8="N/A","BLANK",FALSE))) -> BLANK | AL8: 4 | AM8: =MOD(AL8+AL7,10) -> 7 | AN8: N/A | AO8: =IF(AM8=AN8,TRUE,IF(AN8="SKIPPED","SKIPPED",IF(AN8="N/A","BLANK",FALSE))) -> BLANK | AP8: 5 | AQ8: =MOD(AP8+AP7,10) -> 8 | AR8: N/A | AS8: =IF(AQ8=AR8,TRUE,IF(AR8="SKIPPED","SKIPPED",IF(AR8="N/A","BLANK",FALSE))) -> BLANK | AT8: 3 | AU8: =MOD(AT8+AT7,10) -> 2 | AV8: N/A | AW8: =IF(AU8=AV8,TRUE,IF(AV8="SKIPPED","SKIPPED",IF(AV8="N/A","BLANK",FALSE))) -> BLANK | AX8: 1 | AY8: =MOD(AX8+AX7,10) -> 5 | AZ8: N/A | BA8: =IF(AY8=AZ8,TRUE,IF(AZ8="SKIPPED","SKIPPED",IF(AZ8="N/A","BLANK",FALSE))) -> BLANK | BB8: 6 | BC8: =MOD(BB8+BB7,10) -> 5 | BD8: N/A | BE8: =IF(BC8=BD8,TRUE,IF(BD8="SKIPPED","SKIPPED",IF(BD8="N/A","BLANK",FALSE))) -> BLANK | BF8: 9 | BG8: =MOD(BF8+BF7,10) -> 8 | BH8: N/A | BI8: =IF(BG8=BH8,TRUE,IF(BH8="SKIPPED","SKIPPED",IF(BH8="N/A","BLANK",FALSE))) -> BLANK | BJ8: 4 | BK8: =MOD(BJ8+BJ7,10) -> 3 | BL8: N/A | BM8: =IF(BK8=BL8,TRUE,IF(BL8="SKIPPED","SKIPPED",IF(BL8="N/A","BLANK",FALSE))) -> BLANK | BN8: 7 | BO8: =MOD(BN8+BN7,10) -> 4 | BP8: N/A | BQ8: =IF(BO8=BP8,TRUE,IF(BP8="SKIPPED","SKIPPED",IF(BP8="N/A","BLANK",FALSE))) -> BLANK | BR8: 7 | BS8: =MOD(BR8+BR7,10) -> 6 | BT8: N/A | BU8: =IF(BS8=BT8,TRUE,IF(BT8="SKIPPED","SKIPPED",IF(BT8="N/A","BLANK",FALSE))) -> BLANK | BV8: 3 | BW8: =MOD(BV8+BV7,10) -> 0 | BX8: N/A | BY8: =IF(BW8=BX8,TRUE,IF(BX8="SKIPPED","SKIPPED",IF(BX8="N/A","BLANK",FALSE))) -> BLANK | BZ8: 9 | CA8: =MOD(BZ8+BZ7,10) -> 7 | CB8: N/A | CC8: =IF(CA8=CB8,TRUE,IF(CB8="SKIPPED","SKIPPED",IF(CB8="N/A","BLANK",FALSE))) -> BLANK | CD8: 3 | CE8: =MOD(CD8+CD7,10) -> 5 | CF8: N/A | CG8: =IF(CE8=CF8,TRUE,IF(CF8="SKIPPED","SKIPPED",IF(CF8="N/A","BLANK",FALSE))) -> BLANK | CH8: 5 | CI8: =MOD(CH8+CH7,10) -> 2 | CJ8: N/A | CK8: =IF(CI8=CJ8,TRUE,IF(CJ8="SKIPPED","SKIPPED",IF(CJ8="N/A","BLANK",FALSE))) -> BLANK | CL8: 2 | CM8: =MOD(CL8+CL7,10) -> 9 | CN8: N/A | CO8: =IF(CM8=CN8,TRUE,IF(CN8="SKIPPED","SKIPPED",IF(CN8="N/A","BLANK",FALSE))) -> BLANK | CP8: 2 | CQ8: =MOD(CP8+CP7,10) -> 4 | CR8: N/A | CS8: =IF(CQ8=CR8,TRUE,IF(CR8="SKIPPED","SKIPPED",IF(CR8="N/A","BLANK",FALSE))) -> BLANK | CT8: 8 | CU8: =MOD(CT8+CT7,10) -> 0 | CV8: N/A | CW8: =IF(CU8=CV8,TRUE,IF(CV8="SKIPPED","SKIPPED",IF(CV8="N/A","BLANK",FALSE))) -> BLANK | CX8: 1 | CY8: =MOD(CX8+CX7,10) -> 6 | CZ8: N/A | DA8: =IF(CY8=CZ8,TRUE,IF(CZ8="SKIPPED","SKIPPED",IF(CZ8="N/A","BLANK",FALSE))) -> BLANK | DB8: 4 | DC8: =MOD(DB8+DB7,10) -> 9 | DD8: N/A | DE8: =IF(DC8=DD8,TRUE,IF(DD8="SKIPPED","SKIPPED",IF(DD8="N/A","BLANK",FALSE))) -> BLANK | DF8: 6 | DG8: =MOD(DF8+DF7,10) -> 3 | DH8: N/A | DI8: =IF(DG8=DH8,TRUE,IF(DH8="SKIPPED","SKIPPED",IF(DH8="N/A","BLANK",FALSE))) -> BLANK | DJ8: 4 | DK8: =MOD(DJ8+DJ7,10) -> 7 | DL8: N/A | DM8: =IF(DK8=DL8,TRUE,IF(DL8="SKIPPED","SKIPPED",IF(DL8="N/A","BLANK",FALSE))) -> BLANK | DN8: 9 | DO8: =MOD(DN8+DN7,10) -> 8 | DP8: N/A | DQ8: =IF(DO8=DP8,TRUE,IF(DP8="SKIPPED","SKIPPED",IF(DP8="N/A","BLANK",FALSE))) -> BLANK | DR8: 8 | DS8: =MOD(DR8+DR7,10) -> 2 | DT8: N/A | DU8: =IF(DS8=DT8,TRUE,IF(DT8="SKIPPED","SKIPPED",IF(DT8="N/A","BLANK",FALSE))) -> BLANK | DV8: 3 | DW8: =MOD(DV8+DV7,10) -> 1 | DX8: N/A | DY8: =IF(DW8=DX8,TRUE,IF(DX8="SKIPPED","SKIPPED",IF(DX8="N/A","BLANK",FALSE))) -> BLANK | DZ8: 9 | EA8: =MOD(DZ8+DZ7,10) -> 6 | EB8: N/A | EC8: =IF(EA8=EB8,TRUE,IF(EB8="SKIPPED","SKIPPED",IF(EB8="N/A","BLANK",FALSE))) -> BLANK | ED8: 5 | EE8: =MOD(ED8+ED7,10) -> 1 | EF8: N/A | EG8: =IF(EE8=EF8,TRUE,IF(EF8="SKIPPED","SKIPPED",IF(EF8="N/A","BLANK",FALSE))) -> BLANK | EH8: 8 | EI8: =MOD(EH8+EH7,10) -> 5 | EJ8: N/A | EK8: =IF(EI8=EJ8,TRUE,IF(EJ8="SKIPPED","SKIPPED",IF(EJ8="N/A","BLANK",FALSE))) -> BLANK | EL8: 5 | EM8: =MOD(EL8+EL7,10) -> 0 | EN8: N/A | EO8: =IF(EM8=EN8,TRUE,IF(EN8="SKIPPED","SKIPPED",IF(EN8="N/A","BLANK",FALSE))) -> BLANK | EP8: 8 | EQ8: =MOD(EP8+EP7,10) -> 6 | ER8: N/A | ES8: =IF(EQ8=ER8,TRUE,IF(ER8="SKIPPED","SKIPPED",IF(ER8="N/A","BLANK",FALSE))) -> BLANK | ET8: 5 | EU8: =MOD(ET8+ET7,10) -> 7 | EV8: N/A | EW8: =IF(EU8=EV8,TRUE,IF(EV8="SKIPPED","SKIPPED",IF(EV8="N/A","BLANK",FALSE))) -> BLANK | EX8: 5 | EY8: =MOD(EX8+EX7,10) -> 3 | EZ8: N/A | FA8: =IF(EY8=EZ8,TRUE,IF(EZ8="SKIPPED","SKIPPED",IF(EZ8="N/A","BLANK",FALSE))) -> BLANK | FB8: 2 | FC8: =MOD(FB8+FB7,10) -> 7 | FD8: N/A | FE8: =IF(FC8=FD8,TRUE,IF(FD8="SKIPPED","SKIPPED",IF(FD8="N/A","BLANK",FALSE))) -> BLANK
A9: 49 | B9: 7 | C9: =MOD(B9+B8,10) -> 6 | D9: N/A | E9: =IF(C9=D9,TRUE,IF(D9="SKIPPED","SKIPPED",IF(D9="N/A","BLANK",FALSE))) -> BLANK | F9: 7 | G9: =MOD(F9+F8,10) -> 3 | H9: N/A | I9: =IF(G9=H9,TRUE,IF(H9="SKIPPED","SKIPPED",IF(H9="N/A","BLANK",FALSE))) -> BLANK | J9: 8 | K9: =MOD(J9+J8,10) -> 0 | L9: N/A | M9: =IF(K9=L9,TRUE,IF(L9="SKIPPED","SKIPPED",IF(L9="N/A","BLANK",FALSE))) -> BLANK | N9: 7 | O9: =MOD(N9+N8,10) -> 0 | P9: N/A | Q9: =IF(O9=P9,TRUE,IF(P9="SKIPPED","SKIPPED",IF(P9="N/A","BLANK",FALSE))) -> BLANK | R9: 8 | S9: =MOD(R9+R8,10) -> 2 | T9: N/A | U9: =IF(S9=T9,TRUE,IF(T9="SKIPPED","SKIPPED",IF(T9="N/A","BLANK",FALSE))) -> BLANK | V9: 3 | W9: =MOD(V9+V8,10) -> 6 | X9: N/A | Y9: =IF(W9=X9,TRUE,IF(X9="SKIPPED","SKIPPED",IF(X9="N/A","BLANK",FALSE))) -> BLANK | Z9: 4 | AA9: =MOD(Z9+Z8,10) -> 7 | AB9: N/A | AC9: =IF(AA9=AB9,TRUE,IF(AB9="SKIPPED","SKIPPED",IF(AB9="N/A","BLANK",FALSE))) -> BLANK | AD9: 4 | AE9: =MOD(AD9+AD8,10) -> 9 | AF9: N/A | AG9: =IF(AE9=AF9,TRUE,IF(AF9="SKIPPED","SKIPPED",IF(AF9="N/A","BLANK",FALSE))) -> BLANK | AH9: 5 | AI9: =MOD(AH9+AH8,10) -> 3 | AJ9: N/A | AK9: =IF(AI9=AJ9,TRUE,IF(AJ9="SKIPPED","SKIPPED",IF(AJ9="N/A","BLANK",FALSE))) -> BLANK | AL9: 2 | AM9: =MOD(AL9+AL8,10) -> 6 | AN9: N/A | AO9: =IF(AM9=AN9,TRUE,IF(AN9="SKIPPED","SKIPPED",IF(AN9="N/A","BLANK",FALSE))) -> BLANK | AP9: 5 | AQ9: =MOD(AP9+AP8,10) -> 0 | AR9: N/A | AS9: =IF(AQ9=AR9,TRUE,IF(AR9="SKIPPED","SKIPPED",IF(AR9="N/A","BLANK",FALSE))) -> BLANK | AT9: 5 | AU9: =MOD(AT9+AT8,10) -> 8 | AV9: N/A | AW9: =IF(AU9=AV9,TRUE,IF(AV9="SKIPPED","SKIPPED",IF(AV9="N/A","BLANK",FALSE))) -> BLANK | AX9: 4 | AY9: =MOD(AX9+AX8,10) -> 5 | AZ9: N/A | BA9: =IF(AY9=AZ9,TRUE,IF(AZ9="SKIPPED","SKIPPED",IF(AZ9="N/A","BLANK",FALSE))) -> BLANK | BB9: 5 | BC9: =MOD(BB9+BB8,10) -> 1 | BD9: N/A | BE9: =IF(BC9=BD9,TRUE,IF(BD9="SKIPPED","SKIPPED",IF(BD9="N/A","BLANK",FALSE))) -> BLANK | BF9: 7 | BG9: =MOD(BF9+BF8,10) -> 6 | BH9: N/A | BI9: =IF(BG9=BH9,TRUE,IF(BH9="SKIPPED","SKIPPED",IF(BH9="N/A","BLANK",FALSE))) -> BLANK | BJ9: 6 | BK9: =MOD(BJ9+BJ8,10) -> 0 | BL9: N/A | BM9: =IF(BK9=BL9,TRUE,IF(BL9="SKIPPED","SKIPPED",IF(BL9="N/A","BLANK",FALSE))) -> BLANK | BN9: 3 | BO9: =MOD(BN9+BN8,10) -> 0 | BP9: N/A | BQ9: =IF(BO9=BP9,TRUE,IF(BP9="SKIPPED","SKIPPED",IF(BP9="N/A","BLANK",FALSE))) -> BLANK | BR9: 6 | BS9: =MOD(BR9+BR8,10) -> 3 | BT9: N/A | BU9: =IF(BS9=BT9,TRUE,IF(BT9="SKIPPED","SKIPPED",IF(BT9="N/A","BLANK",FALSE))) -> BLANK | BV9: 9 | BW9: =MOD(BV9+BV8,10) -> 2 | BX9: N/A | BY9: =IF(BW9=BX9,TRUE,IF(BX9="SKIPPED","SKIPPED",IF(BX9="N/A","BLANK",FALSE))) -> BLANK | BZ9: 4 | CA9: =MOD(BZ9+BZ8,10) -> 3 | CB9: N/A | CC9: =IF(CA9=CB9,TRUE,IF(CB9="SKIPPED","SKIPPED",IF(CB9="N/A","BLANK",FALSE))) -> BLANK | CD9: 5 | CE9: =MOD(CD9+CD8,10) -> 8 | CF9: N/A | CG9: =IF(CE9=CF9,TRUE,IF(CF9="SKIPPED","SKIPPED",IF(CF9="N/A","BLANK",FALSE))) -> BLANK | CH9: 2 | CI9: =MOD(CH9+CH8,10) -> 7 | CJ9: N/A | CK9: =IF(CI9=CJ9,TRUE,IF(CJ9="SKIPPED","SKIPPED",IF(CJ9="N/A","BLANK",FALSE))) -> BLANK | CL9: 3 | CM9: =MOD(CL9+CL8,10) -> 5 | CN9: N/A | CO9: =IF(CM9=CN9,TRUE,IF(CN9="SKIPPED","SKIPPED",IF(CN9="N/A","BLANK",FALSE))) -> BLANK | CP9: 6 | CQ9: =MOD(CP9+CP8,10) -> 8 | CR9: N/A | CS9: =IF(CQ9=CR9,TRUE,IF(CR9="SKIPPED","SKIPPED",IF(CR9="N/A","BLANK",FALSE))) -> BLANK | CT9: 7 | CU9: =MOD(CT9+CT8,10) -> 5 | CV9: N/A | CW9: =IF(CU9=CV9,TRUE,IF(CV9="SKIPPED","SKIPPED",IF(CV9="N/A","BLANK",FALSE))) -> BLANK | CX9: 7 | CY9: =MOD(CX9+CX8,10) -> 8 | CZ9: N/A | DA9: =IF(CY9=CZ9,TRUE,IF(CZ9="SKIPPED","SKIPPED",IF(CZ9="N/A","BLANK",FALSE))) -> BLANK | DB9: 3 | DC9: =MOD(DB9+DB8,10) -> 7 | DD9: N/A | DE9: =IF(DC9=DD9,TRUE,IF(DD9="SKIPPED","SKIPPED",IF(DD9="N/A","BLANK",FALSE))) -> BLANK | DF9: 5 | DG9: =MOD(DF9+DF8,10) -> 1 | DH9: N/A | DI9: =IF(DG9=DH9,TRUE,IF(DH9="SKIPPED","SKIPPED",IF(DH9="N/A","BLANK",FALSE))) -> BLANK | DJ9: 8 | DK9: =MOD(DJ9+DJ8,10) -> 2 | DL9: N/A | DM9: =IF(DK9=DL9,TRUE,IF(DL9="SKIPPED","SKIPPED",IF(DL9="N/A","BLANK",FALSE))) -> BLANK | DN9: 2 | DO9: =MOD(DN9+DN8,10) -> 1 | DP9: N/A | DQ9: =IF(DO9=DP9,TRUE,IF(DP9="SKIPPED","SKIPPED",IF(DP9="N/A","BLANK",FALSE))) -> BLANK | DR9: 7 | DS9: =MOD(DR9+DR8,10) -> 5 | DT9: N/A | DU9: =IF(DS9=DT9,TRUE,IF(DT9="SKIPPED","SKIPPED",IF(DT9="N/A","BLANK",FALSE))) -> BLANK | DV9: 7 | DW9: =MOD(DV9+DV8,10) -> 0 | DX9: N/A | DY9: =IF(DW9=DX9,TRUE,IF(DX9="SKIPPED","SKIPPED",IF(DX9="N/A","BLANK",FALSE))) -> BLANK | DZ9: 3 | EA9: =MOD(DZ9+DZ8,10) -> 2 | EB9: N/A | EC9: =IF(EA9=EB9,TRUE,IF(EB9="SKIPPED","SKIPPED",IF(EB9="N/A","BLANK",FALSE))) -> BLANK | ED9: 2 | EE9: =MOD(ED9+ED8,10) -> 7 | EF9: N/A | EG9: =IF(EE9=EF9,TRUE,IF(EF9="SKIPPED","SKIPPED",IF(EF9="N/A","BLANK",FALSE))) -> BLANK | EH9: 5 | EI9: =MOD(EH9+EH8,10) -> 3 | EJ9: N/A | EK9: =IF(EI9=EJ9,TRUE,IF(EJ9="SKIPPED","SKIPPED",IF(EJ9="N/A","BLANK",FALSE))) -> BLANK | EL9: 6 | EM9: =MOD(EL9+EL8,10) -> 1 | EN9: N/A | EO9: =IF(EM9=EN9,TRUE,IF(EN9="SKIPPED","SKIPPED",IF(EN9="N/A","BLANK",FALSE))) -> BLANK | EP9: 9 | EQ9: =MOD(EP9+EP8,10) -> 7 | ER9: N/A | ES9: =IF(EQ9=ER9,TRUE,IF(ER9="SKIPPED","SKIPPED",IF(ER9="N/A","BLANK",FALSE))) -> BLANK | ET9: 6 | EU9: =MOD(ET9+ET8,10) -> 1 | EV9: N/A | EW9: =IF(EU9=EV9,TRUE,IF(EV9="SKIPPED","SKIPPED",IF(EV9="N/A","BLANK",FALSE))) -> BLANK | EX9: 0 | EY9: =MOD(EX9+EX8,10) -> 5 | EZ9: N/A | FA9: =IF(EY9=EZ9,TRUE,IF(EZ9="SKIPPED","SKIPPED",IF(EZ9="N/A","BLANK",FALSE))) -> BLANK | FB9: 7 | FC9: =MOD(FB9+FB8,10) -> 9 | FD9: N/A | FE9: =IF(FC9=FD9,TRUE,IF(FD9="SKIPPED","SKIPPED",IF(FD9="N/A","BLANK",FALSE))) -> BLANK
A10: 48 | B10: 6 | C10: =MOD(B10+B9,10) -> 3 | D10: N/A | E10: =IF(C10=D10,TRUE,IF(D10="SKIPPED","SKIPPED",IF(D10="N/A","BLANK",FALSE))) -> BLANK | F10: 8 | G10: =MOD(F10+F9,10) -> 5 | H10: N/A | I10: =IF(G10=H10,TRUE,IF(H10="SKIPPED","SKIPPED",IF(H10="N/A","BLANK",FALSE))) -> BLANK | J10: 6 | K10: =MOD(J10+J9,10) -> 4 | L10: N/A | M10: =IF(K10=L10,TRUE,IF(L10="SKIPPED","SKIPPED",IF(L10="N/A","BLANK",FALSE))) -> BLANK | N10: 9 | O10: =MOD(N10+N9,10) -> 6 | P10: N/A | Q10: =IF(O10=P10,TRUE,IF(P10="SKIPPED","SKIPPED",IF(P10="N/A","BLANK",FALSE))) -> BLANK | R10: 5 | S10: =MOD(R10+R9,10) -> 3 | T10: N/A | U10: =IF(S10=T10,TRUE,IF(T10="SKIPPED","SKIPPED",IF(T10="N/A","BLANK",FALSE))) -> BLANK | V10: 2 | W10: =MOD(V10+V9,10) -> 5 | X10: N/A | Y10: =IF(W10=X10,TRUE,IF(X10="SKIPPED","SKIPPED",IF(X10="N/A","BLANK",FALSE))) -> BLANK | Z10: 2 | AA10: =MOD(Z10+Z9,10) -> 6 | AB10: N/A | AC10: =IF(AA10=AB10,TRUE,IF(AB10="SKIPPED","SKIPPED",IF(AB10="N/A","BLANK",FALSE))) -> BLANK | AD10: 4 | AE10: =MOD(AD10+AD9,10) -> 8 | AF10: N/A | AG10: =IF(AE10=AF10,TRUE,IF(AF10="SKIPPED","SKIPPED",IF(AF10="N/A","BLANK",FALSE))) -> BLANK | AH10: 2 | AI10: =MOD(AH10+AH9,10) -> 7 | AJ10: N/A | AK10: =IF(AI10=AJ10,TRUE,IF(AJ10="SKIPPED","SKIPPED",IF(AJ10="N/A","BLANK",FALSE))) -> BLANK | AL10: 2 | AM10: =MOD(AL10+AL9,10) -> 4 | AN10: N/A | AO10: =IF(AM10=AN10,TRUE,IF(AN10="SKIPPED","SKIPPED",IF(AN10="N/A","BLANK",FALSE))) -> BLANK | AP10: 7 | AQ10: =MOD(AP10+AP9,10) -> 2 | AR10: N/A | AS10: =IF(AQ10=AR10,TRUE,IF(AR10="SKIPPED","SKIPPED",IF(AR10="N/A","BLANK",FALSE))) -> BLANK | AT10: 5 | AU10: =MOD(AT10+AT9,10) -> 0 | AV10: N/A | AW10: =IF(AU10=AV10,TRUE,IF(AV10="SKIPPED","SKIPPED",IF(AV10="N/A","BLANK",FALSE))) -> BLANK | AX10: 8 | AY10: =MOD(AX10+AX9,10) -> 2 | AZ10: N/A | BA10: =IF(AY10=AZ10,TRUE,IF(AZ10="SKIPPED","SKIPPED",IF(AZ10="N/A","BLANK",FALSE))) -> BLANK | BB10: 8 | BC10: =MOD(BB10+BB9,10) -> 3 | BD10: N/A | BE10: =IF(BC10=BD10,TRUE,IF(BD10="SKIPPED","SKIPPED",IF(BD10="N/A","BLANK",FALSE))) -> BLANK | BF10: 2 | BG10: =MOD(BF10+BF9,10) -> 9 | BH10: N/A | BI10: =IF(BG10=BH10,TRUE,IF(BH10="SKIPPED","SKIPPED",IF(BH10="N/A","BLANK",FALSE))) -> BLANK | BJ10: 2 | BK10: =MOD(BJ10+BJ9,10) -> 8 | BL10: N/A | BM10: =IF(BK10=BL10,TRUE,IF(BL10="SKIPPED","SKIPPED",IF(BL10="N/A","BLANK",FALSE))) -> BLANK | BN10: 8 | BO10: =MOD(BN10+BN9,10) -> 1 | BP10: N/A | BQ10: =IF(BO10=BP10,TRUE,IF(BP10="SKIPPED","SKIPPED",IF(BP10="N/A","BLANK",FALSE))) -> BLANK | BR10: 3 | BS10: =MOD(BR10+BR9,10) -> 9 | BT10: N/A | BU10: =IF(BS10=BT10,TRUE,IF(BT10="SKIPPED","SKIPPED",IF(BT10="N/A","BLANK",FALSE))) -> BLANK | BV10: 6 | BW10: =MOD(BV10+BV9,10) -> 5 | BX10: N/A | BY10: =IF(BW10=BX10,TRUE,IF(BX10="SKIPPED","SKIPPED",IF(BX10="N/A","BLANK",FALSE))) -> BLANK | BZ10: 7 | CA10: =MOD(BZ10+BZ9,10) -> 1 | CB10: N/A | CC10: =IF(CA10=CB10,TRUE,IF(CB10="SKIPPED","SKIPPED",IF(CB10="N/A","BLANK",FALSE))) -> BLANK | CD10: 5 | CE10: =MOD(CD10+CD9,10) -> 0 | CF10: N/A | CG10: =IF(CE10=CF10,TRUE,IF(CF10="SKIPPED","SKIPPED",IF(CF10="N/A","BLANK",FALSE))) -> BLANK | CH10: 7 | CI10: =MOD(CH10+CH9,10) -> 9 | CJ10: N/A | CK10: =IF(CI10=CJ10,TRUE,IF(CJ10="SKIPPED","SKIPPED",IF(CJ10="N/A","BLANK",FALSE))) -> BLANK | CL10: 3 | CM10: =MOD(CL10+CL9,10) -> 6 | CN10: N/A | CO10: =IF(CM10=CN10,TRUE,IF(CN10="SKIPPED","SKIPPED",IF(CN10="N/A","BLANK",FALSE))) -> BLANK | CP10: 7 | CQ10: =MOD(CP10+CP9,10) -> 3 | CR10: N/A | CS10: =IF(CQ10=CR10,TRUE,IF(CR10="SKIPPED","SKIPPED",IF(CR10="N/A","BLANK",FALSE))) -> BLANK | CT10: 9 | CU10: =MOD(CT10+CT9,10) -> 6 | CV10: N/A | CW10: =IF(CU10=CV10,TRUE,IF(CV10="SKIPPED","SKIPPED",IF(CV10="N/A","BLANK",FALSE))) -> BLANK | CX10: 8 | CY10: =MOD(CX10+CX9,10) -> 5 | CZ10: N/A | DA10: =IF(CY10=CZ10,TRUE,IF(CZ10="SKIPPED","SKIPPED",IF(CZ10="N/A","BLANK",FALSE))) -> BLANK | DB10: 8 | DC10: =MOD(DB10+DB9,10) -> 1 | DD10: N/A | DE10: =IF(DC10=DD10,TRUE,IF(DD10="SKIPPED","SKIPPED",IF(DD10="N/A","BLANK",FALSE))) -> BLANK | DF10: 4 | DG10: =MOD(DF10+DF9,10) -> 9 | DH10: N/A | DI10: =IF(DG10=DH10,TRUE,IF(DH10="SKIPPED","SKIPPED",IF(DH10="N/A","BLANK",FALSE))) -> BLANK | DJ10: 9 | DK10: =MOD(DJ10+DJ9,10) -> 7 | DL10: N/A | DM10: =IF(DK10=DL10,TRUE,IF(DL10="SKIPPED","SKIPPED",IF(DL10="N/A","BLANK",FALSE))) -> BLANK | DN10: 7 | DO10: =MOD(DN10+DN9,10) -> 9 | DP10: N/A | DQ10: =IF(DO10=DP10,TRUE,IF(DP10="SKIPPED","SKIPPED",IF(DP10="N/A","BLANK",FALSE))) -> BLANK | DR10: 7 | DS10: =MOD(DR10+DR9,10) -> 4 | DT10: N/A | DU10: =IF(DS10=DT10,TRUE,IF(DT10="SKIPPED","SKIPPED",IF(DT10="N/A","BLANK",FALSE))) -> BLANK | DV10: 7 | DW10: =MOD(DV10+DV9,10) -> 4 | DX10: N/A | DY10: =IF(DW10=DX10,TRUE,IF(DX10="SKIPPED","SKIPPED",IF(DX10="N/A","BLANK",FALSE))) -> BLANK | DZ10: 5 | EA10: =MOD(DZ10+DZ9,10) -> 8 | EB10: N/A | EC10: =IF(EA10=EB10,TRUE,IF(EB10="SKIPPED","SKIPPED",IF(EB10="N/A","BLANK",FALSE))) -> BLANK | ED10: 9 | EE10: =MOD(ED10+ED9,10) -> 1 | EF10: N/A | EG10: =IF(EE10=EF10,TRUE,IF(EF10="SKIPPED","SKIPPED",IF(EF10="N/A","BLANK",FALSE))) -> BLANK | EH10: 3 | EI10: =MOD(EH10+EH9,10) -> 8 | EJ10: N/A | EK10: =IF(EI10=EJ10,TRUE,IF(EJ10="SKIPPED","SKIPPED",IF(EJ10="N/A","BLANK",FALSE))) -> BLANK | EL10: 8 | EM10: =MOD(EL10+EL9,10) -> 4 | EN10: N/A | EO10: =IF(EM10=EN10,TRUE,IF(EN10="SKIPPED","SKIPPED",IF(EN10="N/A","BLANK",FALSE))) -> BLANK | EP10: 3 | EQ10: =MOD(EP10+EP9,10) -> 2 | ER10: N/A | ES10: =IF(EQ10=ER10,TRUE,IF(ER10="SKIPPED","SKIPPED",IF(ER10="N/A","BLANK",FALSE))) -> BLANK | ET10: 7 | EU10: =MOD(ET10+ET9,10) -> 3 | EV10: N/A | EW10: =IF(EU10=EV10,TRUE,IF(EV10="SKIPPED","SKIPPED",IF(EV10="N/A","BLANK",FALSE))) -> BLANK | EX10: 5 | EY10: =MOD(EX10+EX9,10) -> 5 | EZ10: N/A | FA10: =IF(EY10=EZ10,TRUE,IF(EZ10="SKIPPED","SKIPPED",IF(EZ10="N/A","BLANK",FALSE))) -> BLANK | FB10: 3 | FC10: =MOD(FB10+FB9,10) -> 0 | FD10: N/A | FE10: =IF(FC10=FD10,TRUE,IF(FD10="SKIPPED","SKIPPED",IF(FD10="N/A","BLANK",FALSE))) -> BLANK
A11: 47 | B11: 4 | C11: =MOD(B11+B10,10) -> 0 | D11: N/A | E11: =IF(C11=D11,TRUE,IF(D11="SKIPPED","SKIPPED",IF(D11="N/A","BLANK",FALSE))) -> BLANK | F11: 8 | G11: =MOD(F11+F10,10) -> 6 | H11: N/A | I11: =IF(G11=H11,TRUE,IF(H11="SKIPPED","SKIPPED",IF(H11="N/A","BLANK",FALSE))) -> BLANK | J11: 9 | K11: =MOD(J11+J10,10) -> 5 | L11: N/A | M11: =IF(K11=L11,TRUE,IF(L11="SKIPPED","SKIPPED",IF(L11="N/A","BLANK",FALSE))) -> BLANK | N11: 9 | O11: =MOD(N11+N10,10) -> 8 | P11: N/A | Q11: =IF(O11=P11,TRUE,IF(P11="SKIPPED","SKIPPED",IF(P11="N/A","BLANK",FALSE))) -> BLANK | R11: 3 | S11: =MOD(R11+R10,10) -> 8 | T11: N/A | U11: =IF(S11=T11,TRUE,IF(T11="SKIPPED","SKIPPED",IF(T11="N/A","BLANK",FALSE))) -> BLANK | V11: 4 | W11: =MOD(V11+V10,10) -> 6 | X11: N/A | Y11: =IF(W11=X11,TRUE,IF(X11="SKIPPED","SKIPPED",IF(X11="N/A","BLANK",FALSE))) -> BLANK | Z11: 2 | AA11: =MOD(Z11+Z10,10) -> 4 | AB11: N/A | AC11: =IF(AA11=AB11,TRUE,IF(AB11="SKIPPED","SKIPPED",IF(AB11="N/A","BLANK",FALSE))) -> BLANK | AD11: 2 | AE11: =MOD(AD11+AD10,10) -> 6 | AF11: N/A | AG11: =IF(AE11=AF11,TRUE,IF(AF11="SKIPPED","SKIPPED",IF(AF11="N/A","BLANK",FALSE))) -> BLANK | AH11: 8 | AI11: =MOD(AH11+AH10,10) -> 0 | AJ11: N/A | AK11: =IF(AI11=AJ11,TRUE,IF(AJ11="SKIPPED","SKIPPED",IF(AJ11="N/A","BLANK",FALSE))) -> BLANK | AL11: 8 | AM11: =MOD(AL11+AL10,10) -> 0 | AN11: N/A | AO11: =IF(AM11=AN11,TRUE,IF(AN11="SKIPPED","SKIPPED",IF(AN11="N/A","BLANK",FALSE))) -> BLANK | AP11: 4 | AQ11: =MOD(AP11+AP10,10) -> 1 | AR11: N/A | AS11: =IF(AQ11=AR11,TRUE,IF(AR11="SKIPPED","SKIPPED",IF(AR11="N/A","BLANK",FALSE))) -> BLANK | AT11: 8 | AU11: =MOD(AT11+AT10,10) -> 3 | AV11: N/A | AW11: =IF(AU11=AV11,TRUE,IF(AV11="SKIPPED","SKIPPED",IF(AV11="N/A","BLANK",FALSE))) -> BLANK | AX11: 2 | AY11: =MOD(AX11+AX10,10) -> 0 | AZ11: N/A | BA11: =IF(AY11=AZ11,TRUE,IF(AZ11="SKIPPED","SKIPPED",IF(AZ11="N/A","BLANK",FALSE))) -> BLANK | BB11: 6 | BC11: =MOD(BB11+BB10,10) -> 4 | BD11: N/A | BE11: =IF(BC11=BD11,TRUE,IF(BD11="SKIPPED","SKIPPED",IF(BD11="N/A","BLANK",FALSE))) -> BLANK | BF11: 4 | BG11: =MOD(BF11+BF10,10) -> 6 | BH11: N/A | BI11: =IF(BG11=BH11,TRUE,IF(BH11="SKIPPED","SKIPPED",IF(BH11="N/A","BLANK",FALSE))) -> BLANK | BJ11: 5 | BK11: =MOD(BJ11+BJ10,10) -> 7 | BL11: N/A | BM11: =IF(BK11=BL11,TRUE,IF(BL11="SKIPPED","SKIPPED",IF(BL11="N/A","BLANK",FALSE))) -> BLANK | BN11: 2 | BO11: =MOD(BN11+BN10,10) -> 0 | BP11: N/A | BQ11: =IF(BO11=BP11,TRUE,IF(BP11="SKIPPED","SKIPPED",IF(BP11="N/A","BLANK",FALSE))) -> BLANK | BR11: 9 | BS11: =MOD(BR11+BR10,10) -> 2 | BT11: N/A | BU11: =IF(BS11=BT11,TRUE,IF(BT11="SKIPPED","SKIPPED",IF(BT11="N/A","BLANK",FALSE))) -> BLANK | BV11: 7 | BW11: =MOD(BV11+BV10,10) -> 3 | BX11: N/A | BY11: =IF(BW11=BX11,TRUE,IF(BX11="SKIPPED","SKIPPED",IF(BX11="N/A","BLANK",FALSE))) -> BLANK | BZ11: 3 | CA11: =MOD(BZ11+BZ10,10) -> 0 | CB11: N/A | CC11: =IF(CA11=CB11,TRUE,IF(CB11="SKIPPED","SKIPPED",IF(CB11="N/A","BLANK",FALSE))) -> BLANK | CD11: 8 | CE11: =MOD(CD11+CD10,10) -> 3 | CF11: N/A | CG11: =IF(CE11=CF11,TRUE,IF(CF11="SKIPPED","SKIPPED",IF(CF11="N/A","BLANK",FALSE))) -> BLANK | CH11: 6 | CI11: =MOD(CH11+CH10,10) -> 3 | CJ11: N/A | CK11: =IF(CI11=CJ11,TRUE,IF(CJ11="SKIPPED","SKIPPED",IF(CJ11="N/A","BLANK",FALSE))) -> BLANK | CL11: 8 | CM11: =MOD(CL11+CL10,10) -> 1 | CN11: N/A | CO11: =IF(CM11=CN11,TRUE,IF(CN11="SKIPPED","SKIPPED",IF(CN11="N/A","BLANK",FALSE))) -> BLANK | CP11: 7 | CQ11: =MOD(CP11+CP10,10) -> 4 | CR11: N/A | CS11: =IF(CQ11=CR11,TRUE,IF(CR11="SKIPPED","SKIPPED",IF(CR11="N/A","BLANK",FALSE))) -> BLANK | CT11: 9 | CU11: =MOD(CT11+CT10,10) -> 8 | CV11: N/A | CW11: =IF(CU11=CV11,TRUE,IF(CV11="SKIPPED","SKIPPED",IF(CV11="N/A","BLANK",FALSE))) -> BLANK | CX11: 8 | CY11: =MOD(CX11+CX10,10) -> 6 | CZ11: N/A | DA11: =IF(CY11=CZ11,TRUE,IF(CZ11="SKIPPED","SKIPPED",IF(CZ11="N/A","BLANK",FALSE))) -> BLANK | DB11: 6 | DC11: =MOD(DB11+DB10,10) -> 4 | DD11: N/A | DE11: =IF(DC11=DD11,TRUE,IF(DD11="SKIPPED","SKIPPED",IF(DD11="N/A","BLANK",FALSE))) -> BLANK | DF11: 3 | DG11: =MOD(DF11+DF10,10) -> 7 | DH11: N/A | DI11: =IF(DG11=DH11,TRUE,IF(DH11="SKIPPED","SKIPPED",IF(DH11="N/A","BLANK",FALSE))) -> BLANK | DJ11: 9 | DK11: =MOD(DJ11+DJ10,10) -> 8 | DL11: N/A | DM11: =IF(DK11=DL11,TRUE,IF(DL11="SKIPPED","SKIPPED",IF(DL11="N/A","BLANK",FALSE))) -> BLANK | DN11: 6 | DO11: =MOD(DN11+DN10,10) -> 3 | DP11: N/A | DQ11: =IF(DO11=DP11,TRUE,IF(DP11="SKIPPED","SKIPPED",IF(DP11="N/A","BLANK",FALSE))) -> BLANK | DR11: 5 | DS11: =MOD(DR11+DR10,10) -> 2 | DT11: N/A | DU11: =IF(DS11=DT11,TRUE,IF(DT11="SKIPPED","SKIPPED",IF(DT11="N/A","BLANK",FALSE))) -> BLANK | DV11: 4 | DW11: =MOD(DV11+DV10,10) -> 1 | DX11: N/A | DY11: =IF(DW11=DX11,TRUE,IF(DX11="SKIPPED","SKIPPED",IF(DX11="N/A","BLANK",FALSE))) -> BLANK | DZ11: 5 | EA11: =MOD(DZ11+DZ10,10) -> 0 | EB11: N/A | EC11: =IF(EA11=EB11,TRUE,IF(EB11="SKIPPED","SKIPPED",IF(EB11="N/A","BLANK",FALSE))) -> BLANK | ED11: 7 | EE11: =MOD(ED11+ED10,10) -> 6 | EF11: N/A | EG11: =IF(EE11=EF11,TRUE,IF(EF11="SKIPPED","SKIPPED",IF(EF11="N/A","BLANK",FALSE))) -> BLANK | EH11: 9 | EI11: =MOD(EH11+EH10,10) -> 2 | EJ11: N/A | EK11: =IF(EI11=EJ11,TRUE,IF(EJ11="SKIPPED","SKIPPED",IF(EJ11="N/A","BLANK",FALSE))) -> BLANK | EL11: 4 | EM11: =MOD(EL11+EL10,10) -> 2 | EN11: N/A | EO11: =IF(EM11=EN11,TRUE,IF(EN11="SKIPPED","SKIPPED",IF(EN11="N/A","BLANK",FALSE))) -> BLANK | EP11: 6 | EQ11: =MOD(EP11+EP10,10) -> 9 | ER11: N/A | ES11: =IF(EQ11=ER11,TRUE,IF(ER11="SKIPPED","SKIPPED",IF(ER11="N/A","BLANK",FALSE))) -> BLANK | ET11: 4 | EU11: =MOD(ET11+ET10,10) -> 1 | EV11: N/A | EW11: =IF(EU11=EV11,TRUE,IF(EV11="SKIPPED","SKIPPED",IF(EV11="N/A","BLANK",FALSE))) -> BLANK | EX11: 4 | EY11: =MOD(EX11+EX10,10) -> 9 | EZ11: N/A | FA11: =IF(EY11=EZ11,TRUE,IF(EZ11="SKIPPED","SKIPPED",IF(EZ11="N/A","BLANK",FALSE))) -> BLANK | FB11: 9 | FC11: =MOD(FB11+FB10,10) -> 2 | FD11: N/A | FE11: =IF(FC11=FD11,TRUE,IF(FD11="SKIPPED","SKIPPED",IF(FD11="N/A","BLANK",FALSE))) -> BLANK
A12: 46 | B12: 3 | C12: =MOD(B12+B11,10) -> 7 | D12: N/A | E12: =IF(C12=D12,TRUE,IF(D12="SKIPPED","SKIPPED",IF(D12="N/A","BLANK",FALSE))) -> BLANK | F12: 3 | G12: =MOD(F12+F11,10) -> 1 | H12: N/A | I12: =IF(G12=H12,TRUE,IF(H12="SKIPPED","SKIPPED",IF(H12="N/A","BLANK",FALSE))) -> BLANK | J12: 9 | K12: =MOD(J12+J11,10) -> 8 | L12: N/A | M12: =IF(K12=L12,TRUE,IF(L12="SKIPPED","SKIPPED",IF(L12="N/A","BLANK",FALSE))) -> BLANK | N12: 5 | O12: =MOD(N12+N11,10) -> 4 | P12: N/A | Q12: =IF(O12=P12,TRUE,IF(P12="SKIPPED","SKIPPED",IF(P12="N/A","BLANK",FALSE))) -> BLANK | R12: 9 | S12: =MOD(R12+R11,10) -> 2 | T12: N/A | U12: =IF(S12=T12,TRUE,IF(T12="SKIPPED","SKIPPED",IF(T12="N/A","BLANK",FALSE))) -> BLANK | V12: 8 | W12: =MOD(V12+V11,10) -> 2 | X12: N/A | Y12: =IF(W12=X12,TRUE,IF(X12="SKIPPED","SKIPPED",IF(X12="N/A","BLANK",FALSE))) -> BLANK | Z12: 5 | AA12: =MOD(Z12+Z11,10) -> 7 | AB12: N/A | AC12: =IF(AA12=AB12,TRUE,IF(AB12="SKIPPED","SKIPPED",IF(AB12="N/A","BLANK",FALSE))) -> BLANK | AD12: 6 | AE12: =MOD(AD12+AD11,10) -> 8 | AF12: N/A | AG12: =IF(AE12=AF12,TRUE,IF(AF12="SKIPPED","SKIPPED",IF(AF12="N/A","BLANK",FALSE))) -> BLANK | AH12: 4 | AI12: =MOD(AH12+AH11,10) -> 2 | AJ12: N/A | AK12: =IF(AI12=AJ12,TRUE,IF(AJ12="SKIPPED","SKIPPED",IF(AJ12="N/A","BLANK",FALSE))) -> BLANK | AL12: 5 | AM12: =MOD(AL12+AL11,10) -> 3 | AN12: N/A | AO12: =IF(AM12=AN12,TRUE,IF(AN12="SKIPPED","SKIPPED",IF(AN12="N/A","BLANK",FALSE))) -> BLANK | AP12: 9 | AQ12: =MOD(AP12+AP11,10) -> 3 | AR12: N/A | AS12: =IF(AQ12=AR12,TRUE,IF(AR12="SKIPPED","SKIPPED",IF(AR12="N/A","BLANK",FALSE))) -> BLANK | AT12: 2 | AU12: =MOD(AT12+AT11,10) -> 0 | AV12: N/A | AW12: =IF(AU12=AV12,TRUE,IF(AV12="SKIPPED","SKIPPED",IF(AV12="N/A","BLANK",FALSE))) -> BLANK | AX12: 2 | AY12: =MOD(AX12+AX11,10) -> 4 | AZ12: N/A | BA12: =IF(AY12=AZ12,TRUE,IF(AZ12="SKIPPED","SKIPPED",IF(AZ12="N/A","BLANK",FALSE))) -> BLANK | BB12: 3 | BC12: =MOD(BB12+BB11,10) -> 9 | BD12: N/A | BE12: =IF(BC12=BD12,TRUE,IF(BD12="SKIPPED","SKIPPED",IF(BD12="N/A","BLANK",FALSE))) -> BLANK | BF12: 9 | BG12: =MOD(BF12+BF11,10) -> 3 | BH12: N/A | BI12: =IF(BG12=BH12,TRUE,IF(BH12="SKIPPED","SKIPPED",IF(BH12="N/A","BLANK",FALSE))) -> BLANK | BJ12: 8 | BK12: =MOD(BJ12+BJ11,10) -> 3 | BL12: N/A | BM12: =IF(BK12=BL12,TRUE,IF(BL12="SKIPPED","SKIPPED",IF(BL12="N/A","BLANK",FALSE))) -> BLANK | BN12: 2 | BO12: =MOD(BN12+BN11,10) -> 4 | BP12: N/A | BQ12: =IF(BO12=BP12,TRUE,IF(BP12="SKIPPED","SKIPPED",IF(BP12="N/A","BLANK",FALSE))) -> BLANK | BR12: 5 | BS12: =MOD(BR12+BR11,10) -> 4 | BT12: N/A | BU12: =IF(BS12=BT12,TRUE,IF(BT12="SKIPPED","SKIPPED",IF(BT12="N/A","BLANK",FALSE))) -> BLANK | BV12: 4 | BW12: =MOD(BV12+BV11,10) -> 1 | BX12: N/A | BY12: =IF(BW12=BX12,TRUE,IF(BX12="SKIPPED","SKIPPED",IF(BX12="N/A","BLANK",FALSE))) -> BLANK | BZ12: 2 | CA12: =MOD(BZ12+BZ11,10) -> 5 | CB12: N/A | CC12: =IF(CA12=CB12,TRUE,IF(CB12="SKIPPED","SKIPPED",IF(CB12="N/A","BLANK",FALSE))) -> BLANK | CD12: 7 | CE12: =MOD(CD12+CD11,10) -> 5 | CF12: N/A | CG12: =IF(CE12=CF12,TRUE,IF(CF12="SKIPPED","SKIPPED",IF(CF12="N/A","BLANK",FALSE))) -> BLANK | CH12: 2 | CI12: =MOD(CH12+CH11,10) -> 8 | CJ12: N/A | CK12: =IF(CI12=CJ12,TRUE,IF(CJ12="SKIPPED","SKIPPED",IF(CJ12="N/A","BLANK",FALSE))) -> BLANK | CL12: 5 | CM12: =MOD(CL12+CL11,10) -> 3 | CN12: N/A | CO12: =IF(CM12=CN12,TRUE,IF(CN12="SKIPPED","SKIPPED",IF(CN12="N/A","BLANK",FALSE))) -> BLANK | CP12: 4 | CQ12: =MOD(CP12+CP11,10) -> 1 | CR12: N/A | CS12: =IF(CQ12=CR12,TRUE,IF(CR12="SKIPPED","SKIPPED",IF(CR12="N/A","BLANK",FALSE))) -> BLANK | CT12: 3 | CU12: =MOD(CT12+CT11,10) -> 2 | CV12: N/A | CW12: =IF(CU12=CV12,TRUE,IF(CV12="SKIPPED","SKIPPED",IF(CV12="N/A","BLANK",FALSE))) -> BLANK | CX12: 9 | CY12: =MOD(CX12+CX11,10) -> 7 | CZ12: N/A | DA12: =IF(CY12=CZ12,TRUE,IF(CZ12="SKIPPED","SKIPPED",IF(CZ12="N/A","BLANK",FALSE))) -> BLANK | DB12: 9 | DC12: =MOD(DB12+DB11,10) -> 5 | DD12: N/A | DE12: =IF(DC12=DD12,TRUE,IF(DD12="SKIPPED","SKIPPED",IF(DD12="N/A","BLANK",FALSE))) -> BLANK | DF12: 7 | DG12: =MOD(DF12+DF11,10) -> 0 | DH12: N/A | DI12: =IF(DG12=DH12,TRUE,IF(DH12="SKIPPED","SKIPPED",IF(DH12="N/A","BLANK",FALSE))) -> BLANK | DJ12: 4 | DK12: =MOD(DJ12+DJ11,10) -> 3 | DL12: N/A | DM12: =IF(DK12=DL12,TRUE,IF(DL12="SKIPPED","SKIPPED",IF(DL12="N/A","BLANK",FALSE))) -> BLANK | DN12: 4 | DO12: =MOD(DN12+DN11,10) -> 0 | DP12: N/A | DQ12: =IF(DO12=DP12,TRUE,IF(DP12="SKIPPED","SKIPPED",IF(DP12="N/A","BLANK",FALSE))) -> BLANK | DR12: 3 | DS12: =MOD(DR12+DR11,10) -> 8 | DT12: N/A | DU12: =IF(DS12=DT12,TRUE,IF(DT12="SKIPPED","SKIPPED",IF(DT12="N/A","BLANK",FALSE))) -> BLANK | DV12: 6 | DW12: =MOD(DV12+DV11,10) -> 0 | DX12: N/A | DY12: =IF(DW12=DX12,TRUE,IF(DX12="SKIPPED","SKIPPED",IF(DX12="N/A","BLANK",FALSE))) -> BLANK | DZ12: 6 | EA12: =MOD(DZ12+DZ11,10) -> 1 | EB12: N/A | EC12: =IF(EA12=EB12,TRUE,IF(EB12="SKIPPED","SKIPPED",IF(EB12="N/A","BLANK",FALSE))) -> BLANK | ED12: 4 | EE12: =MOD(ED12+ED11,10) -> 1 | EF12: N/A | EG12: =IF(EE12=EF12,TRUE,IF(EF12="SKIPPED","SKIPPED",IF(EF12="N/A","BLANK",FALSE))) -> BLANK | EH12: 9 | EI12: =MOD(EH12+EH11,10) -> 8 | EJ12: N/A | EK12: =IF(EI12=EJ12,TRUE,IF(EJ12="SKIPPED","SKIPPED",IF(EJ12="N/A","BLANK",FALSE))) -> BLANK | EL12: 4 | EM12: =MOD(EL12+EL11,10) -> 8 | EN12: N/A | EO12: =IF(EM12=EN12,TRUE,IF(EN12="SKIPPED","SKIPPED",IF(EN12="N/A","BLANK",FALSE))) -> BLANK | EP12: 6 | EQ12: =MOD(EP12+EP11,10) -> 2 | ER12: N/A | ES12: =IF(EQ12=ER12,TRUE,IF(ER12="SKIPPED","SKIPPED",IF(ER12="N/A","BLANK",FALSE))) -> BLANK | ET12: 5 | EU12: =MOD(ET12+ET11,10) -> 9 | EV12: N/A | EW12: =IF(EU12=EV12,TRUE,IF(EV12="SKIPPED","SKIPPED",IF(EV12="N/A","BLANK",FALSE))) -> BLANK | EX12: 2 | EY12: =MOD(EX12+EX11,10) -> 6 | EZ12: N/A | FA12: =IF(EY12=EZ12,TRUE,IF(EZ12="SKIPPED","SKIPPED",IF(EZ12="N/A","BLANK",FALSE))) -> BLANK | FB12: 9 | FC12: =MOD(FB12+FB11,10) -> 8 | FD12: N/A | FE12: =IF(FC12=FD12,TRUE,IF(FD12="SKIPPED","SKIPPED",IF(FD12="N/A","BLANK",FALSE))) -> BLANK
A13: 45 | B13: 9 | C13: =MOD(B13+B12,10) -> 2 | D13: N/A | E13: =IF(C13=D13,TRUE,IF(D13="SKIPPED","SKIPPED",IF(D13="N/A","BLANK",FALSE))) -> BLANK | F13: 6 | G13: =MOD(F13+F12,10) -> 9 | H13: N/A | I13: =IF(G13=H13,TRUE,IF(H13="SKIPPED","SKIPPED",IF(H13="N/A","BLANK",FALSE))) -> BLANK | J13: 3 | K13: =MOD(J13+J12,10) -> 2 | L13: N/A | M13: =IF(K13=L13,TRUE,IF(L13="SKIPPED","SKIPPED",IF(L13="N/A","BLANK",FALSE))) -> BLANK | N13: 7 | O13: =MOD(N13+N12,10) -> 2 | P13: N/A | Q13: =IF(O13=P13,TRUE,IF(P13="SKIPPED","SKIPPED",IF(P13="N/A","BLANK",FALSE))) -> BLANK | R13: 6 | S13: =MOD(R13+R12,10) -> 5 | T13: N/A | U13: =IF(S13=T13,TRUE,IF(T13="SKIPPED","SKIPPED",IF(T13="N/A","BLANK",FALSE))) -> BLANK | V13: 5 | W13: =MOD(V13+V12,10) -> 3 | X13: N/A | Y13: =IF(W13=X13,TRUE,IF(X13="SKIPPED","SKIPPED",IF(X13="N/A","BLANK",FALSE))) -> BLANK | Z13: 9 | AA13: =MOD(Z13+Z12,10) -> 4 | AB13: N/A | AC13: =IF(AA13=AB13,TRUE,IF(AB13="SKIPPED","SKIPPED",IF(AB13="N/A","BLANK",FALSE))) -> BLANK | AD13: 5 | AE13: =MOD(AD13+AD12,10) -> 1 | AF13: N/A | AG13: =IF(AE13=AF13,TRUE,IF(AF13="SKIPPED","SKIPPED",IF(AF13="N/A","BLANK",FALSE))) -> BLANK | AH13: 9 | AI13: =MOD(AH13+AH12,10) -> 3 | AJ13: N/A | AK13: =IF(AI13=AJ13,TRUE,IF(AJ13="SKIPPED","SKIPPED",IF(AJ13="N/A","BLANK",FALSE))) -> BLANK | AL13: 6 | AM13: =MOD(AL13+AL12,10) -> 1 | AN13: N/A | AO13: =IF(AM13=AN13,TRUE,IF(AN13="SKIPPED","SKIPPED",IF(AN13="N/A","BLANK",FALSE))) -> BLANK | AP13: 9 | AQ13: =MOD(AP13+AP12,10) -> 8 | AR13: N/A | AS13: =IF(AQ13=AR13,TRUE,IF(AR13="SKIPPED","SKIPPED",IF(AR13="N/A","BLANK",FALSE))) -> BLANK | AT13: 7 | AU13: =MOD(AT13+AT12,10) -> 9 | AV13: N/A | AW13: =IF(AU13=AV13,TRUE,IF(AV13="SKIPPED","SKIPPED",IF(AV13="N/A","BLANK",FALSE))) -> BLANK | AX13: 3 | AY13: =MOD(AX13+AX12,10) -> 5 | AZ13: N/A | BA13: =IF(AY13=AZ13,TRUE,IF(AZ13="SKIPPED","SKIPPED",IF(AZ13="N/A","BLANK",FALSE))) -> BLANK | BB13: 5 | BC13: =MOD(BB13+BB12,10) -> 8 | BD13: N/A | BE13: =IF(BC13=BD13,TRUE,IF(BD13="SKIPPED","SKIPPED",IF(BD13="N/A","BLANK",FALSE))) -> BLANK | BF13: 6 | BG13: =MOD(BF13+BF12,10) -> 5 | BH13: N/A | BI13: =IF(BG13=BH13,TRUE,IF(BH13="SKIPPED","SKIPPED",IF(BH13="N/A","BLANK",FALSE))) -> BLANK | BJ13: 8 | BK13: =MOD(BJ13+BJ12,10) -> 6 | BL13: N/A | BM13: =IF(BK13=BL13,TRUE,IF(BL13="SKIPPED","SKIPPED",IF(BL13="N/A","BLANK",FALSE))) -> BLANK | BN13: 3 | BO13: =MOD(BN13+BN12,10) -> 5 | BP13: N/A | BQ13: =IF(BO13=BP13,TRUE,IF(BP13="SKIPPED","SKIPPED",IF(BP13="N/A","BLANK",FALSE))) -> BLANK | BR13: 8 | BS13: =MOD(BR13+BR12,10) -> 3 | BT13: N/A | BU13: =IF(BS13=BT13,TRUE,IF(BT13="SKIPPED","SKIPPED",IF(BT13="N/A","BLANK",FALSE))) -> BLANK | BV13: 4 | BW13: =MOD(BV13+BV12,10) -> 8 | BX13: N/A | BY13: =IF(BW13=BX13,TRUE,IF(BX13="SKIPPED","SKIPPED",IF(BX13="N/A","BLANK",FALSE))) -> BLANK | BZ13: 2 | CA13: =MOD(BZ13+BZ12,10) -> 4 | CB13: N/A | CC13: =IF(CA13=CB13,TRUE,IF(CB13="SKIPPED","SKIPPED",IF(CB13="N/A","BLANK",FALSE))) -> BLANK | CD13: 9 | CE13: =MOD(CD13+CD12,10) -> 6 | CF13: N/A | CG13: =IF(CE13=CF13,TRUE,IF(CF13="SKIPPED","SKIPPED",IF(CF13="N/A","BLANK",FALSE))) -> BLANK | CH13: 6 | CI13: =MOD(CH13+CH12,10) -> 8 | CJ13: N/A | CK13: =IF(CI13=CJ13,TRUE,IF(CJ13="SKIPPED","SKIPPED",IF(CJ13="N/A","BLANK",FALSE))) -> BLANK | CL13: 4 | CM13: =MOD(CL13+CL12,10) -> 9 | CN13: N/A | CO13: =IF(CM13=CN13,TRUE,IF(CN13="SKIPPED","SKIPPED",IF(CN13="N/A","BLANK",FALSE))) -> BLANK | CP13: 9 | CQ13: =MOD(CP13+CP12,10) -> 3 | CR13: N/A | CS13: =IF(CQ13=CR13,TRUE,IF(CR13="SKIPPED","SKIPPED",IF(CR13="N/A","BLANK",FALSE))) -> BLANK | CT13: 7 | CU13: =MOD(CT13+CT12,10) -> 0 | CV13: N/A | CW13: =IF(CU13=CV13,TRUE,IF(CV13="SKIPPED","SKIPPED",IF(CV13="N/A","BLANK",FALSE))) -> BLANK | CX13: 2 | CY13: =MOD(CX13+CX12,10) -> 1 | CZ13: N/A | DA13: =IF(CY13=CZ13,TRUE,IF(CZ13="SKIPPED","SKIPPED",IF(CZ13="N/A","BLANK",FALSE))) -> BLANK | DB13: 8 | DC13: =MOD(DB13+DB12,10) -> 7 | DD13: N/A | DE13: =IF(DC13=DD13,TRUE,IF(DD13="SKIPPED","SKIPPED",IF(DD13="N/A","BLANK",FALSE))) -> BLANK | DF13: 2 | DG13: =MOD(DF13+DF12,10) -> 9 | DH13: N/A | DI13: =IF(DG13=DH13,TRUE,IF(DH13="SKIPPED","SKIPPED",IF(DH13="N/A","BLANK",FALSE))) -> BLANK | DJ13: 6 | DK13: =MOD(DJ13+DJ12,10) -> 0 | DL13: N/A | DM13: =IF(DK13=DL13,TRUE,IF(DL13="SKIPPED","SKIPPED",IF(DL13="N/A","BLANK",FALSE))) -> BLANK | DN13: 7 | DO13: =MOD(DN13+DN12,10) -> 1 | DP13: N/A | DQ13: =IF(DO13=DP13,TRUE,IF(DP13="SKIPPED","SKIPPED",IF(DP13="N/A","BLANK",FALSE))) -> BLANK | DR13: 9 | DS13: =MOD(DR13+DR12,10) -> 2 | DT13: N/A | DU13: =IF(DS13=DT13,TRUE,IF(DT13="SKIPPED","SKIPPED",IF(DT13="N/A","BLANK",FALSE))) -> BLANK | DV13: 5 | DW13: =MOD(DV13+DV12,10) -> 1 | DX13: N/A | DY13: =IF(DW13=DX13,TRUE,IF(DX13="SKIPPED","SKIPPED",IF(DX13="N/A","BLANK",FALSE))) -> BLANK | DZ13: 9 | EA13: =MOD(DZ13+DZ12,10) -> 5 | EB13: N/A | EC13: =IF(EA13=EB13,TRUE,IF(EB13="SKIPPED","SKIPPED",IF(EB13="N/A","BLANK",FALSE))) -> BLANK | ED13: 2 | EE13: =MOD(ED13+ED12,10) -> 6 | EF13: N/A | EG13: =IF(EE13=EF13,TRUE,IF(EF13="SKIPPED","SKIPPED",IF(EF13="N/A","BLANK",FALSE))) -> BLANK | EH13: 5 | EI13: =MOD(EH13+EH12,10) -> 4 | EJ13: N/A | EK13: =IF(EI13=EJ13,TRUE,IF(EJ13="SKIPPED","SKIPPED",IF(EJ13="N/A","BLANK",FALSE))) -> BLANK | EL13: 7 | EM13: =MOD(EL13+EL12,10) -> 1 | EN13: N/A | EO13: =IF(EM13=EN13,TRUE,IF(EN13="SKIPPED","SKIPPED",IF(EN13="N/A","BLANK",FALSE))) -> BLANK | EP13: 5 | EQ13: =MOD(EP13+EP12,10) -> 1 | ER13: N/A | ES13: =IF(EQ13=ER13,TRUE,IF(ER13="SKIPPED","SKIPPED",IF(ER13="N/A","BLANK",FALSE))) -> BLANK | ET13: 2 | EU13: =MOD(ET13+ET12,10) -> 7 | EV13: N/A | EW13: =IF(EU13=EV13,TRUE,IF(EV13="SKIPPED","SKIPPED",IF(EV13="N/A","BLANK",FALSE))) -> BLANK | EX13: 3 | EY13: =MOD(EX13+EX12,10) -> 5 | EZ13: N/A | FA13: =IF(EY13=EZ13,TRUE,IF(EZ13="SKIPPED","SKIPPED",IF(EZ13="N/A","BLANK",FALSE))) -> BLANK | FB13: 8 | FC13: =MOD(FB13+FB12,10) -> 7 | FD13: N/A | FE13: =IF(FC13=FD13,TRUE,IF(FD13="SKIPPED","SKIPPED",IF(FD13="N/A","BLANK",FALSE))) -> BLANK
A14: 44 | B14: 4 | C14: =MOD(B14+B13,10) -> 3 | D14: N/A | E14: =IF(C14=D14,TRUE,IF(D14="SKIPPED","SKIPPED",IF(D14="N/A","BLANK",FALSE))) -> BLANK | F14: 4 | G14: =MOD(F14+F13,10) -> 0 | H14: N/A | I14: =IF(G14=H14,TRUE,IF(H14="SKIPPED","SKIPPED",IF(H14="N/A","BLANK",FALSE))) -> BLANK | J14: 8 | K14: =MOD(J14+J13,10) -> 1 | L14: N/A | M14: =IF(K14=L14,TRUE,IF(L14="SKIPPED","SKIPPED",IF(L14="N/A","BLANK",FALSE))) -> BLANK | N14: 8 | O14: =MOD(N14+N13,10) -> 5 | P14: N/A | Q14: =IF(O14=P14,TRUE,IF(P14="SKIPPED","SKIPPED",IF(P14="N/A","BLANK",FALSE))) -> BLANK | R14: 6 | S14: =MOD(R14+R13,10) -> 2 | T14: N/A | U14: =IF(S14=T14,TRUE,IF(T14="SKIPPED","SKIPPED",IF(T14="N/A","BLANK",FALSE))) -> BLANK | V14: 7 | W14: =MOD(V14+V13,10) -> 2 | X14: N/A | Y14: =IF(W14=X14,TRUE,IF(X14="SKIPPED","SKIPPED",IF(X14="N/A","BLANK",FALSE))) -> BLANK | Z14: 7 | AA14: =MOD(Z14+Z13,10) -> 6 | AB14: N/A | AC14: =IF(AA14=AB14,TRUE,IF(AB14="SKIPPED","SKIPPED",IF(AB14="N/A","BLANK",FALSE))) -> BLANK | AD14: 9 | AE14: =MOD(AD14+AD13,10) -> 4 | AF14: N/A | AG14: =IF(AE14=AF14,TRUE,IF(AF14="SKIPPED","SKIPPED",IF(AF14="N/A","BLANK",FALSE))) -> BLANK | AH14: 4 | AI14: =MOD(AH14+AH13,10) -> 3 | AJ14: N/A | AK14: =IF(AI14=AJ14,TRUE,IF(AJ14="SKIPPED","SKIPPED",IF(AJ14="N/A","BLANK",FALSE))) -> BLANK | AL14: 2 | AM14: =MOD(AL14+AL13,10) -> 8 | AN14: N/A | AO14: =IF(AM14=AN14,TRUE,IF(AN14="SKIPPED","SKIPPED",IF(AN14="N/A","BLANK",FALSE))) -> BLANK | AP14: 8 | AQ14: =MOD(AP14+AP13,10) -> 7 | AR14: N/A | AS14: =IF(AQ14=AR14,TRUE,IF(AR14="SKIPPED","SKIPPED",IF(AR14="N/A","BLANK",FALSE))) -> BLANK | AT14: 4 | AU14: =MOD(AT14+AT13,10) -> 1 | AV14: N/A | AW14: =IF(AU14=AV14,TRUE,IF(AV14="SKIPPED","SKIPPED",IF(AV14="N/A","BLANK",FALSE))) -> BLANK | AX14: 9 | AY14: =MOD(AX14+AX13,10) -> 2 | AZ14: N/A | BA14: =IF(AY14=AZ14,TRUE,IF(AZ14="SKIPPED","SKIPPED",IF(AZ14="N/A","BLANK",FALSE))) -> BLANK | BB14: 2 | BC14: =MOD(BB14+BB13,10) -> 7 | BD14: N/A | BE14: =IF(BC14=BD14,TRUE,IF(BD14="SKIPPED","SKIPPED",IF(BD14="N/A","BLANK",FALSE))) -> BLANK | BF14: 4 | BG14: =MOD(BF14+BF13,10) -> 0 | BH14: N/A | BI14: =IF(BG14=BH14,TRUE,IF(BH14="SKIPPED","SKIPPED",IF(BH14="N/A","BLANK",FALSE))) -> BLANK | BJ14: 3 | BK14: =MOD(BJ14+BJ13,10) -> 1 | BL14: N/A | BM14: =IF(BK14=BL14,TRUE,IF(BL14="SKIPPED","SKIPPED",IF(BL14="N/A","BLANK",FALSE))) -> BLANK | BN14: 7 | BO14: =MOD(BN14+BN13,10) -> 0 | BP14: N/A | BQ14: =IF(BO14=BP14,TRUE,IF(BP14="SKIPPED","SKIPPED",IF(BP14="N/A","BLANK",FALSE))) -> BLANK | BR14: 4 | BS14: =MOD(BR14+BR13,10) -> 2 | BT14: N/A | BU14: =IF(BS14=BT14,TRUE,IF(BT14="SKIPPED","SKIPPED",IF(BT14="N/A","BLANK",FALSE))) -> BLANK | BV14: 3 | BW14: =MOD(BV14+BV13,10) -> 7 | BX14: N/A | BY14: =IF(BW14=BX14,TRUE,IF(BX14="SKIPPED","SKIPPED",IF(BX14="N/A","BLANK",FALSE))) -> BLANK | BZ14: 7 | CA14: =MOD(BZ14+BZ13,10) -> 9 | CB14: N/A | CC14: =IF(CA14=CB14,TRUE,IF(CB14="SKIPPED","SKIPPED",IF(CB14="N/A","BLANK",FALSE))) -> BLANK | CD14: 9 | CE14: =MOD(CD14+CD13,10) -> 8 | CF14: N/A | CG14: =IF(CE14=CF14,TRUE,IF(CF14="SKIPPED","SKIPPED",IF(CF14="N/A","BLANK",FALSE))) -> BLANK | CH14: 9 | CI14: =MOD(CH14+CH13,10) -> 5 | CJ14: N/A | CK14: =IF(CI14=CJ14,TRUE,IF(CJ14="SKIPPED","SKIPPED",IF(CJ14="N/A","BLANK",FALSE))) -> BLANK | CL14: 4 | CM14: =MOD(CL14+CL13,10) -> 8 | CN14: N/A | CO14: =IF(CM14=CN14,TRUE,IF(CN14="SKIPPED","SKIPPED",IF(CN14="N/A","BLANK",FALSE))) -> BLANK | CP14: 6 | CQ14: =MOD(CP14+CP13,10) -> 5 | CR14: N/A | CS14: =IF(CQ14=CR14,TRUE,IF(CR14="SKIPPED","SKIPPED",IF(CR14="N/A","BLANK",FALSE))) -> BLANK | CT14: 7 | CU14: =MOD(CT14+CT13,10) -> 4 | CV14: N/A | CW14: =IF(CU14=CV14,TRUE,IF(CV14="SKIPPED","SKIPPED",IF(CV14="N/A","BLANK",FALSE))) -> BLANK | CX14: 3 | CY14: =MOD(CX14+CX13,10) -> 5 | CZ14: N/A | DA14: =IF(CY14=CZ14,TRUE,IF(CZ14="SKIPPED","SKIPPED",IF(CZ14="N/A","BLANK",FALSE))) -> BLANK | DB14: 4 | DC14: =MOD(DB14+DB13,10) -> 2 | DD14: N/A | DE14: =IF(DC14=DD14,TRUE,IF(DD14="SKIPPED","SKIPPED",IF(DD14="N/A","BLANK",FALSE))) -> BLANK | DF14: 9 | DG14: =MOD(DF14+DF13,10) -> 1 | DH14: N/A | DI14: =IF(DG14=DH14,TRUE,IF(DH14="SKIPPED","SKIPPED",IF(DH14="N/A","BLANK",FALSE))) -> BLANK | DJ14: 2 | DK14: =MOD(DJ14+DJ13,10) -> 8 | DL14: N/A | DM14: =IF(DK14=DL14,TRUE,IF(DL14="SKIPPED","SKIPPED",IF(DL14="N/A","BLANK",FALSE))) -> BLANK | DN14: 7 | DO14: =MOD(DN14+DN13,10) -> 4 | DP14: N/A | DQ14: =IF(DO14=DP14,TRUE,IF(DP14="SKIPPED","SKIPPED",IF(DP14="N/A","BLANK",FALSE))) -> BLANK | DR14: 8 | DS14: =MOD(DR14+DR13,10) -> 7 | DT14: N/A | DU14: =IF(DS14=DT14,TRUE,IF(DT14="SKIPPED","SKIPPED",IF(DT14="N/A","BLANK",FALSE))) -> BLANK | DV14: 8 | DW14: =MOD(DV14+DV13,10) -> 3 | DX14: N/A | DY14: =IF(DW14=DX14,TRUE,IF(DX14="SKIPPED","SKIPPED",IF(DX14="N/A","BLANK",FALSE))) -> BLANK | DZ14: 4 | EA14: =MOD(DZ14+DZ13,10) -> 3 | EB14: N/A | EC14: =IF(EA14=EB14,TRUE,IF(EB14="SKIPPED","SKIPPED",IF(EB14="N/A","BLANK",FALSE))) -> BLANK | ED14: 5 | EE14: =MOD(ED14+ED13,10) -> 7 | EF14: N/A | EG14: =IF(EE14=EF14,TRUE,IF(EF14="SKIPPED","SKIPPED",IF(EF14="N/A","BLANK",FALSE))) -> BLANK | EH14: 1 | EI14: =MOD(EH14+EH13,10) -> 6 | EJ14: N/A | EK14: =IF(EI14=EJ14,TRUE,IF(EJ14="SKIPPED","SKIPPED",IF(EJ14="N/A","BLANK",FALSE))) -> BLANK | EL14: 5 | EM14: =MOD(EL14+EL13,10) -> 2 | EN14: N/A | EO14: =IF(EM14=EN14,TRUE,IF(EN14="SKIPPED","SKIPPED",IF(EN14="N/A","BLANK",FALSE))) -> BLANK | EP14: 9 | EQ14: =MOD(EP14+EP13,10) -> 4 | ER14: N/A | ES14: =IF(EQ14=ER14,TRUE,IF(ER14="SKIPPED","SKIPPED",IF(ER14="N/A","BLANK",FALSE))) -> BLANK | ET14: 4 | EU14: =MOD(ET14+ET13,10) -> 6 | EV14: N/A | EW14: =IF(EU14=EV14,TRUE,IF(EV14="SKIPPED","SKIPPED",IF(EV14="N/A","BLANK",FALSE))) -> BLANK | EX14: 4 | EY14: =MOD(EX14+EX13,10) -> 7 | EZ14: N/A | FA14: =IF(EY14=EZ14,TRUE,IF(EZ14="SKIPPED","SKIPPED",IF(EZ14="N/A","BLANK",FALSE))) -> BLANK | FB14: 6 | FC14: =MOD(FB14+FB13,10) -> 4 | FD14: N/A | FE14: =IF(FC14=FD14,TRUE,IF(FD14="SKIPPED","SKIPPED",IF(FD14="N/A","BLANK",FALSE))) -> BLANK
... A27: 31 | B27: 4 | C27: =MOD(B27+B26,10) -> 4 | D27: N/A | E27: =IF(C27=D27,TRUE,IF(D27="SKIPPED","SKIPPED",IF(D27="N/A","BLANK",FALSE))) -> BLANK | F27: 3 | G27: =MOD(F27+F26,10) -> 5 | H27: N/A | I27: =IF(G27=H27,TRUE,IF(H27="SKIPPED","SKIPPED",IF(H27="N/A","BLANK",FALSE))) -> BLANK | J27: 5 | K27: =MOD(J27+J26,10) -> 8 | L27: N/A | M27: =IF(K27=L27,TRUE,IF(L27="SKIPPED","SKIPPED",IF(L27="N/A","BLANK",FALSE))) -> BLANK | N27: 9 | O27: =MOD(N27+N26,10) -> 7 | P27: N/A | Q27: =IF(O27=P27,TRUE,IF(P27="SKIPPED","SKIPPED",IF(P27="N/A","BLANK",FALSE))) -> BLANK | R27: 3 | S27: =MOD(R27+R26,10) -> 5 | T27: N/A | U27: =IF(S27=T27,TRUE,IF(T27="SKIPPED","SKIPPED",IF(T27="N/A","BLANK",FALSE))) -> BLANK | V27: 2 | W27: =MOD(V27+V26,10) -> 8 | X27: N/A | Y27: =IF(W27=X27,TRUE,IF(X27="SKIPPED","SKIPPED",IF(X27="N/A","BLANK",FALSE))) -> BLANK | Z27: 7 | AA27: =MOD(Z27+Z26,10) -> 5 | AB27: N/A | AC27: =IF(AA27=AB27,TRUE,IF(AB27="SKIPPED","SKIPPED",IF(AB27="N/A","BLANK",FALSE))) -> BLANK | AD27: 5 | AE27: =MOD(AD27+AD26,10) -> 0 | AF27: N/A | AG27: =IF(AE27=AF27,TRUE,IF(AF27="SKIPPED","SKIPPED",IF(AF27="N/A","BLANK",FALSE))) -> BLANK | AH27: 3 | AI27: =MOD(AH27+AH26,10) -> 6 | AJ27: N/A | AK27: =IF(AI27=AJ27,TRUE,IF(AJ27="SKIPPED","SKIPPED",IF(AJ27="N/A","BLANK",FALSE))) -> BLANK | AL27: 6 | AM27: =MOD(AL27+AL26,10) -> 3 | AN27: N/A | AO27: =IF(AM27=AN27,TRUE,IF(AN27="SKIPPED","SKIPPED",IF(AN27="N/A","BLANK",FALSE))) -> BLANK | AP27: 7 | AQ27: =MOD(AP27+AP26,10) -> 1 | AR27: N/A | AS27: =IF(AQ27=AR27,TRUE,IF(AR27="SKIPPED","SKIPPED",IF(AR27="N/A","BLANK",FALSE))) -> BLANK | AT27: 8 | AU27: =MOD(AT27+AT26,10) -> 0 | AV27: N/A | AW27: =IF(AU27=AV27,TRUE,IF(AV27="SKIPPED","SKIPPED",IF(AV27="N/A","BLANK",FALSE))) -> BLANK | AX27: 9 | AY27: =MOD(AX27+AX26,10) -> 4 | AZ27: N/A | BA27: =IF(AY27=AZ27,TRUE,IF(AZ27="SKIPPED","SKIPPED",IF(AZ27="N/A","BLANK",FALSE))) -> BLANK | BB27: 2 | BC27: =MOD(BB27+BB26,10) -> 1 | BD27: N/A | BE27: =IF(BC27=BD27,TRUE,IF(BD27="SKIPPED","SKIPPED",IF(BD27="N/A","BLANK",FALSE))) -> BLANK | BF27: 4 | BG27: =MOD(BF27+BF26,10) -> 7 | BH27: N/A | BI27: =IF(BG27=BH27,TRUE,IF(BH27="SKIPPED","SKIPPED",IF(BH27="N/A","BLANK",FALSE))) -> BLANK | BJ27: 7 | BK27: =MOD(BJ27+BJ26,10) -> 3 | BL27: N/A | BM27: =IF(BK27=BL27,TRUE,IF(BL27="SKIPPED","SKIPPED",IF(BL27="N/A","BLANK",FALSE))) -> BLANK | BN27: 4 | BO27: =MOD(BN27+BN26,10) -> 3 | BP27: N/A | BQ27: =IF(BO27=BP27,TRUE,IF(BP27="SKIPPED","SKIPPED",IF(BP27="N/A","BLANK",FALSE))) -> BLANK | BR27: 2 | BS27: =MOD(BR27+BR26,10) -> 9 | BT27: N/A | BU27: =IF(BS27=BT27,TRUE,IF(BT27="SKIPPED","SKIPPED",IF(BT27="N/A","BLANK",FALSE))) -> BLANK | BV27: 3 | BW27: =MOD(BV27+BV26,10) -> 1 | BX27: N/A | BY27: =IF(BW27=BX27,TRUE,IF(BX27="SKIPPED","SKIPPED",IF(BX27="N/A","BLANK",FALSE))) -> BLANK | BZ27: 9 | CA27: =MOD(BZ27+BZ26,10) -> 4 | CB27: N/A | CC27: =IF(CA27=CB27,TRUE,IF(CB27="SKIPPED","SKIPPED",IF(CB27="N/A","BLANK",FALSE))) -> BLANK | CD27: 4 | CE27: =MOD(CD27+CD26,10) -> 8 | CF27: N/A | CG27: =IF(CE27=CF27,TRUE,IF(CF27="SKIPPED","SKIPPED",IF(CF27="N/A","BLANK",FALSE))) -> BLANK | CH27: 2 | CI27: =MOD(CH27+CH26,10) -> 5 | CJ27: N/A | CK27: =IF(CI27=CJ27,TRUE,IF(CJ27="SKIPPED","SKIPPED",IF(CJ27="N/A","BLANK",FALSE))) -> BLANK | CL27: 6 | CM27: =MOD(CL27+CL26,10) -> 0 | CN27: N/A | CO27: =IF(CM27=CN27,TRUE,IF(CN27="SKIPPED","SKIPPED",IF(CN27="N/A","BLANK",FALSE))) -> BLANK | CP27: 3 | CQ27: =MOD(CP27+CP26,10) -> 0 | CR27: N/A | CS27: =IF(CQ27=CR27,TRUE,IF(CR27="SKIPPED","SKIPPED",IF(CR27="N/A","BLANK",FALSE))) -> BLANK | CT27: 6 | CU27: =MOD(CT27+CT26,10) -> 4 | CV27: N/A | CW27: =IF(CU27=CV27,TRUE,IF(CV27="SKIPPED","SKIPPED",IF(CV27="N/A","BLANK",FALSE))) -> BLANK | CX27: 8 | CY27: =MOD(CX27+CX26,10) -> 4 | CZ27: N/A | DA27: =IF(CY27=CZ27,TRUE,IF(CZ27="SKIPPED","SKIPPED",IF(CZ27="N/A","BLANK",FALSE))) -> BLANK | DB27: 4 | DC27: =MOD(DB27+DB26,10) -> 8 | DD27: N/A | DE27: =IF(DC27=DD27,TRUE,IF(DD27="SKIPPED","SKIPPED",IF(DD27="N/A","BLANK",FALSE))) -> BLANK | DF27: 7 | DG27: =MOD(DF27+DF26,10) -> 9 | DH27: N/A | DI27: =IF(DG27=DH27,TRUE,IF(DH27="SKIPPED","SKIPPED",IF(DH27="N/A","BLANK",FALSE))) -> BLANK | DJ27: 6 | DK27: =MOD(DJ27+DJ26,10) -> 1 | DL27: N/A | DM27: =IF(DK27=DL27,TRUE,IF(DL27="SKIPPED","SKIPPED",IF(DL27="N/A","BLANK",FALSE))) -> BLANK | DN27: 4 | DO27: =MOD(DN27+DN26,10) -> 7 | DP27: N/A | DQ27: =IF(DO27=DP27,TRUE,IF(DP27="SKIPPED","SKIPPED",IF(DP27="N/A","BLANK",FALSE))) -> BLANK | DR27: 4 | DS27: =MOD(DR27+DR26,10) -> 2 | DT27: N/A | DU27: =IF(DS27=DT27,TRUE,IF(DT27="SKIPPED","SKIPPED",IF(DT27="N/A","BLANK",FALSE))) -> BLANK | DV27: 6 | DW27: =MOD(DV27+DV26,10) -> 3 | DX27: N/A | DY27: =IF(DW27=DX27,TRUE,IF(DX27="SKIPPED","SKIPPED",IF(DX27="N/A","BLANK",FALSE))) -> BLANK | DZ27: 3 | EA27: =MOD(DZ27+DZ26,10) -> 8 | EB27: N/A | EC27: =IF(EA27=EB27,TRUE,IF(EB27="SKIPPED","SKIPPED",IF(EB27="N/A","BLANK",FALSE))) -> BLANK | ED27: 5 | EE27: =MOD(ED27+ED26,10) -> 0 | EF27: N/A | EG27: =IF(EE27=EF27,TRUE,IF(EF27="SKIPPED","SKIPPED",IF(EF27="N/A","BLANK",FALSE))) -> BLANK | EH27: 3 | EI27: =MOD(EH27+EH26,10) -> 7 | EJ27: N/A | EK27: =IF(EI27=EJ27,TRUE,IF(EJ27="SKIPPED","SKIPPED",IF(EJ27="N/A","BLANK",FALSE))) -> BLANK | EL27: 9 | EM27: =MOD(EL27+EL26,10) -> 1 | EN27: N/A | EO27: =IF(EM27=EN27,TRUE,IF(EN27="SKIPPED","SKIPPED",IF(EN27="N/A","BLANK",FALSE))) -> BLANK | EP27: 5 | EQ27: =MOD(EP27+EP26,10) -> 0 | ER27: N/A | ES27: =IF(EQ27=ER27,TRUE,IF(ER27="SKIPPED","SKIPPED",IF(ER27="N/A","BLANK",FALSE))) -> BLANK | ET27: 6 | EU27: =MOD(ET27+ET26,10) -> 2 | EV27: N/A | EW27: =IF(EU27=EV27,TRUE,IF(EV27="SKIPPED","SKIPPED",IF(EV27="N/A","BLANK",FALSE))) -> BLANK | EX27: 4 | EY27: =MOD(EX27+EX26,10) -> 0 | EZ27: N/A | FA27: =IF(EY27=EZ27,TRUE,IF(EZ27="SKIPPED","SKIPPED",IF(EZ27="N/A","BLANK",FALSE))) -> BLANK | FB27: 4 | FC27: =MOD(FB27+FB26,10) -> 6 | FD27: N/A | FE27: =IF(FC27=FD27,TRUE,IF(FD27="SKIPPED","SKIPPED",IF(FD27="N/A","BLANK",FALSE))) -> BLANK
A28: 30 | B28: 3 | C28: =MOD(B28+B27,10) -> 7 | D28: N/A | E28: =IF(C28=D28,TRUE,IF(D28="SKIPPED","SKIPPED",IF(D28="N/A","BLANK",FALSE))) -> BLANK | F28: 2 | G28: =MOD(F28+F27,10) -> 5 | H28: N/A | I28: =IF(G28=H28,TRUE,IF(H28="SKIPPED","SKIPPED",IF(H28="N/A","BLANK",FALSE))) -> BLANK | J28: 7 | K28: =MOD(J28+J27,10) -> 2 | L28: N/A | M28: =IF(K28=L28,TRUE,IF(L28="SKIPPED","SKIPPED",IF(L28="N/A","BLANK",FALSE))) -> BLANK | N28: 3 | O28: =MOD(N28+N27,10) -> 2 | P28: =MOD(N28+N27,10) -> 2 | Q28: =IF(O28=P28,TRUE,IF(P28="SKIPPED","SKIPPED",IF(P28="N/A","BLANK",FALSE))) -> TRUE | R28: 6 | S28: =MOD(R28+R27,10) -> 9 | T28: N/A | U28: =IF(S28=T28,TRUE,IF(T28="SKIPPED","SKIPPED",IF(T28="N/A","BLANK",FALSE))) -> BLANK | V28: 8 | W28: =MOD(V28+V27,10) -> 0 | X28: N/A | Y28: =IF(W28=X28,TRUE,IF(X28="SKIPPED","SKIPPED",IF(X28="N/A","BLANK",FALSE))) -> BLANK | Z28: 3 | AA28: =MOD(Z28+Z27,10) -> 0 | AB28: N/A | AC28: =IF(AA28=AB28,TRUE,IF(AB28="SKIPPED","SKIPPED",IF(AB28="N/A","BLANK",FALSE))) -> BLANK | AD28: 8 | AE28: =MOD(AD28+AD27,10) -> 3 | AF28: N/A | AG28: =IF(AE28=AF28,TRUE,IF(AF28="SKIPPED","SKIPPED",IF(AF28="N/A","BLANK",FALSE))) -> BLANK | AH28: 5 | AI28: =MOD(AH28+AH27,10) -> 8 | AJ28: N/A | AK28: =IF(AI28=AJ28,TRUE,IF(AJ28="SKIPPED","SKIPPED",IF(AJ28="N/A","BLANK",FALSE))) -> BLANK | AL28: 9 | AM28: =MOD(AL28+AL27,10) -> 5 | AN28: N/A | AO28: =IF(AM28=AN28,TRUE,IF(AN28="SKIPPED","SKIPPED",IF(AN28="N/A","BLANK",FALSE))) -> BLANK | AP28: 5 | AQ28: =MOD(AP28+AP27,10) -> 2 | AR28: N/A | AS28: =IF(AQ28=AR28,TRUE,IF(AR28="SKIPPED","SKIPPED",IF(AR28="N/A","BLANK",FALSE))) -> BLANK | AT28: 8 | AU28: =MOD(AT28+AT27,10) -> 6 | AV28: N/A | AW28: =IF(AU28=AV28,TRUE,IF(AV28="SKIPPED","SKIPPED",IF(AV28="N/A","BLANK",FALSE))) -> BLANK | AX28: 2 | AY28: =MOD(AX28+AX27,10) -> 1 | AZ28: N/A | BA28: =IF(AY28=AZ28,TRUE,IF(AZ28="SKIPPED","SKIPPED",IF(AZ28="N/A","BLANK",FALSE))) -> BLANK | BB28: 2 | BC28: =MOD(BB28+BB27,10) -> 4 | BD28: N/A | BE28: =IF(BC28=BD28,TRUE,IF(BD28="SKIPPED","SKIPPED",IF(BD28="N/A","BLANK",FALSE))) -> BLANK | BF28: 3 | BG28: =MOD(BF28+BF27,10) -> 7 | BH28: N/A | BI28: =IF(BG28=BH28,TRUE,IF(BH28="SKIPPED","SKIPPED",IF(BH28="N/A","BLANK",FALSE))) -> BLANK | BJ28: 5 | BK28: =MOD(BJ28+BJ27,10) -> 2 | BL28: N/A | BM28: =IF(BK28=BL28,TRUE,IF(BL28="SKIPPED","SKIPPED",IF(BL28="N/A","BLANK",FALSE))) -> BLANK | BN28: 7 | BO28: =MOD(BN28+BN27,10) -> 1 | BP28: N/A | BQ28: =IF(BO28=BP28,TRUE,IF(BP28="SKIPPED","SKIPPED",IF(BP28="N/A","BLANK",FALSE))) -> BLANK | BR28: 6 | BS28: =MOD(BR28+BR27,10) -> 8 | BT28: N/A | BU28: =IF(BS28=BT28,TRUE,IF(BT28="SKIPPED","SKIPPED",IF(BT28="N/A","BLANK",FALSE))) -> BLANK | BV28: 3 | BW28: =MOD(BV28+BV27,10) -> 6 | BX28: N/A | BY28: =IF(BW28=BX28,TRUE,IF(BX28="SKIPPED","SKIPPED",IF(BX28="N/A","BLANK",FALSE))) -> BLANK | BZ28: 8 | CA28: =MOD(BZ28+BZ27,10) -> 7 | CB28: N/A | CC28: =IF(CA28=CB28,TRUE,IF(CB28="SKIPPED","SKIPPED",IF(CB28="N/A","BLANK",FALSE))) -> BLANK | CD28: 9 | CE28: =MOD(CD28+CD27,10) -> 3 | CF28: N/A | CG28: =IF(CE28=CF28,TRUE,IF(CF28="SKIPPED","SKIPPED",IF(CF28="N/A","BLANK",FALSE))) -> BLANK | CH28: 2 | CI28: =MOD(CH28+CH27,10) -> 4 | CJ28: N/A | CK28: =IF(CI28=CJ28,TRUE,IF(CJ28="SKIPPED","SKIPPED",IF(CJ28="N/A","BLANK",FALSE))) -> BLANK | CL28: 5 | CM28: =MOD(CL28+CL27,10) -> 1 | CN28: N/A | CO28: =IF(CM28=CN28,TRUE,IF(CN28="SKIPPED","SKIPPED",IF(CN28="N/A","BLANK",FALSE))) -> BLANK | CP28: 9 | CQ28: =MOD(CP28+CP27,10) -> 2 | CR28: N/A | CS28: =IF(CQ28=CR28,TRUE,IF(CR28="SKIPPED","SKIPPED",IF(CR28="N/A","BLANK",FALSE))) -> BLANK | CT28: 3 | CU28: =MOD(CT28+CT27,10) -> 9 | CV28: =MOD(CT28+CT27,10) -> 9 | CW28: =IF(CU28=CV28,TRUE,IF(CV28="SKIPPED","SKIPPED",IF(CV28="N/A","BLANK",FALSE))) -> TRUE | CX28: 5 | CY28: =MOD(CX28+CX27,10) -> 3 | CZ28: N/A | DA28: =IF(CY28=CZ28,TRUE,IF(CZ28="SKIPPED","SKIPPED",IF(CZ28="N/A","BLANK",FALSE))) -> BLANK | DB28: 9 | DC28: =MOD(DB28+DB27,10) -> 3 | DD28: N/A | DE28: =IF(DC28=DD28,TRUE,IF(DD28="SKIPPED","SKIPPED",IF(DD28="N/A","BLANK",FALSE))) -> BLANK | DF28: 8 | DG28: =MOD(DF28+DF27,10) -> 5 | DH28: N/A | DI28: =IF(DG28=DH28,TRUE,IF(DH28="SKIPPED","SKIPPED",IF(DH28="N/A","BLANK",FALSE))) -> BLANK | DJ28: 6 | DK28: =MOD(DJ28+DJ27,10) -> 2 | DL28: =MOD(DJ28+DJ27,10) -> 2 | DM28: =IF(DK28=DL28,TRUE,IF(DL28="SKIPPED","SKIPPED",IF(DL28="N/A","BLANK",FALSE))) -> TRUE | DN28: 2 | DO28: =MOD(DN28+DN27,10) -> 6 | DP28: =MOD(DN28+DN27,10) -> 6 | DQ28: =IF(DO28=DP28,TRUE,IF(DP28="SKIPPED","SKIPPED",IF(DP28="N/A","BLANK",FALSE))) -> TRUE | DR28: 2 | DS28: =MOD(DR28+DR27,10) -> 6 | DT28: =MOD(DR28+DR27,10) -> 6 | DU28: =IF(DS28=DT28,TRUE,IF(DT28="SKIPPED","SKIPPED",IF(DT28="N/A","BLANK",FALSE))) -> TRUE | DV28: 6 | DW28: =MOD(DV28+DV27,10) -> 2 | DX28: N/A | DY28: =IF(DW28=DX28,TRUE,IF(DX28="SKIPPED","SKIPPED",IF(DX28="N/A","BLANK",FALSE))) -> BLANK | DZ28: 3 | EA28: =MOD(DZ28+DZ27,10) -> 6 | EB28: N/A | EC28: =IF(EA28=EB28,TRUE,IF(EB28="SKIPPED","SKIPPED",IF(EB28="N/A","BLANK",FALSE))) -> BLANK | ED28: 6 | EE28: =MOD(ED28+ED27,10) -> 1 | EF28: N/A | EG28: =IF(EE28=EF28,TRUE,IF(EF28="SKIPPED","SKIPPED",IF(EF28="N/A","BLANK",FALSE))) -> BLANK | EH28: 8 | EI28: =MOD(EH28+EH27,10) -> 1 | EJ28: N/A | EK28: =IF(EI28=EJ28,TRUE,IF(EJ28="SKIPPED","SKIPPED",IF(EJ28="N/A","BLANK",FALSE))) -> BLANK | EL28: 8 | EM28: =MOD(EL28+EL27,10) -> 7 | EN28: N/A | EO28: =IF(EM28=EN28,TRUE,IF(EN28="SKIPPED","SKIPPED",IF(EN28="N/A","BLANK",FALSE))) -> BLANK | EP28: 6 | EQ28: =MOD(EP28+EP27,10) -> 1 | ER28: N/A | ES28: =IF(EQ28=ER28,TRUE,IF(ER28="SKIPPED","SKIPPED",IF(ER28="N/A","BLANK",FALSE))) -> BLANK | ET28: 8 | EU28: =MOD(ET28+ET27,10) -> 4 | EV28: N/A | EW28: =IF(EU28=EV28,TRUE,IF(EV28="SKIPPED","SKIPPED",IF(EV28="N/A","BLANK",FALSE))) -> BLANK | EX28: 3 | EY28: =MOD(EX28+EX27,10) -> 7 | EZ28: N/A | FA28: =IF(EY28=EZ28,TRUE,IF(EZ28="SKIPPED","SKIPPED",IF(EZ28="N/A","BLANK",FALSE))) -> BLANK | FB28: 8 | FC28: =MOD(FB28+FB27,10) -> 2 | FD28: N/A | FE28: =IF(FC28=FD28,TRUE,IF(FD28="SKIPPED","SKIPPED",IF(FD28="N/A","BLANK",FALSE))) -> BLANK
A29: 29 | B29: 3 | C29: =MOD(B29+B28,10) -> 6 | D29: N/A | E29: =IF(C29=D29,TRUE,IF(D29="SKIPPED","SKIPPED",IF(D29="N/A","BLANK",FALSE))) -> BLANK | F29: 5 | G29: =MOD(F29+F28,10) -> 7 | H29: N/A | I29: =IF(G29=H29,TRUE,IF(H29="SKIPPED","SKIPPED",IF(H29="N/A","BLANK",FALSE))) -> BLANK | J29: 8 | K29: =MOD(J29+J28,10) -> 5 | L29: =MOD(J29+J28,10) -> 5 | M29: =IF(K29=L29,TRUE,IF(L29="SKIPPED","SKIPPED",IF(L29="N/A","BLANK",FALSE))) -> TRUE | N29: 5 | O29: =MOD(N29+N28,10) -> 8 | P29: =MOD(N29+N28,10) -> 8 | Q29: =IF(O29=P29,TRUE,IF(P29="SKIPPED","SKIPPED",IF(P29="N/A","BLANK",FALSE))) -> TRUE | R29: 6 | S29: =MOD(R29+R28,10) -> 2 | T29: N/A | U29: =IF(S29=T29,TRUE,IF(T29="SKIPPED","SKIPPED",IF(T29="N/A","BLANK",FALSE))) -> BLANK | V29: 4 | W29: =MOD(V29+V28,10) -> 2 | X29: N/A | Y29: =IF(W29=X29,TRUE,IF(X29="SKIPPED","SKIPPED",IF(X29="N/A","BLANK",FALSE))) -> BLANK | Z29: 6 | AA29: =MOD(Z29+Z28,10) -> 9 | AB29: N/A | AC29: =IF(AA29=AB29,TRUE,IF(AB29="SKIPPED","SKIPPED",IF(AB29="N/A","BLANK",FALSE))) -> BLANK | AD29: 3 | AE29: =MOD(AD29+AD28,10) -> 1 | AF29: N/A | AG29: =IF(AE29=AF29,TRUE,IF(AF29="SKIPPED","SKIPPED",IF(AF29="N/A","BLANK",FALSE))) -> BLANK | AH29: 4 | AI29: =MOD(AH29+AH28,10) -> 9 | AJ29: N/A | AK29: =IF(AI29=AJ29,TRUE,IF(AJ29="SKIPPED","SKIPPED",IF(AJ29="N/A","BLANK",FALSE))) -> BLANK | AL29: 5 | AM29: =MOD(AL29+AL28,10) -> 4 | AN29: =MOD(AL29+AL28,10) -> 4 | AO29: =IF(AM29=AN29,TRUE,IF(AN29="SKIPPED","SKIPPED",IF(AN29="N/A","BLANK",FALSE))) -> TRUE | AP29: 6 | AQ29: =MOD(AP29+AP28,10) -> 1 | AR29: =MOD(AP29+AP28,10) -> 1 | AS29: =IF(AQ29=AR29,TRUE,IF(AR29="SKIPPED","SKIPPED",IF(AR29="N/A","BLANK",FALSE))) -> TRUE | AT29: 5 | AU29: =MOD(AT29+AT28,10) -> 3 | AV29: N/A | AW29: =IF(AU29=AV29,TRUE,IF(AV29="SKIPPED","SKIPPED",IF(AV29="N/A","BLANK",FALSE))) -> BLANK | AX29: 8 | AY29: =MOD(AX29+AX28,10) -> 0 | AZ29: N/A | BA29: =IF(AY29=AZ29,TRUE,IF(AZ29="SKIPPED","SKIPPED",IF(AZ29="N/A","BLANK",FALSE))) -> BLANK | BB29: 7 | BC29: =MOD(BB29+BB28,10) -> 9 | BD29: N/A | BE29: =IF(BC29=BD29,TRUE,IF(BD29="SKIPPED","SKIPPED",IF(BD29="N/A","BLANK",FALSE))) -> BLANK | BF29: 2 | BG29: =MOD(BF29+BF28,10) -> 5 | BH29: N/A | BI29: =IF(BG29=BH29,TRUE,IF(BH29="SKIPPED","SKIPPED",IF(BH29="N/A","BLANK",FALSE))) -> BLANK | BJ29: 2 | BK29: =MOD(BJ29+BJ28,10) -> 7 | BL29: N/A | BM29: =IF(BK29=BL29,TRUE,IF(BL29="SKIPPED","SKIPPED",IF(BL29="N/A","BLANK",FALSE))) -> BLANK | BN29: 8 | BO29: =MOD(BN29+BN28,10) -> 5 | BP29: N/A | BQ29: =IF(BO29=BP29,TRUE,IF(BP29="SKIPPED","SKIPPED",IF(BP29="N/A","BLANK",FALSE))) -> BLANK | BR29: 4 | BS29: =MOD(BR29+BR28,10) -> 0 | BT29: =MOD(BR29+BR28,10) -> 0 | BU29: =IF(BS29=BT29,TRUE,IF(BT29="SKIPPED","SKIPPED",IF(BT29="N/A","BLANK",FALSE))) -> TRUE | BV29: 8 | BW29: =MOD(BV29+BV28,10) -> 1 | BX29: =MOD(BV29+BV28,10) -> 1 | BY29: =IF(BW29=BX29,TRUE,IF(BX29="SKIPPED","SKIPPED",IF(BX29="N/A","BLANK",FALSE))) -> TRUE | BZ29: 4 | CA29: =MOD(BZ29+BZ28,10) -> 2 | CB29: =MOD(BZ29+BZ28,10) -> 2 | CC29: =IF(CA29=CB29,TRUE,IF(CB29="SKIPPED","SKIPPED",IF(CB29="N/A","BLANK",FALSE))) -> TRUE | CD29: 8 | CE29: =MOD(CD29+CD28,10) -> 7 | CF29: =MOD(CD29+CD28,10) -> 7 | CG29: =IF(CE29=CF29,TRUE,IF(CF29="SKIPPED","SKIPPED",IF(CF29="N/A","BLANK",FALSE))) -> TRUE | CH29: 4 | CI29: =MOD(CH29+CH28,10) -> 6 | CJ29: N/A | CK29: =IF(CI29=CJ29,TRUE,IF(CJ29="SKIPPED","SKIPPED",IF(CJ29="N/A","BLANK",FALSE))) -> BLANK | CL29: 9 | CM29: =MOD(CL29+CL28,10) -> 4 | CN29: N/A | CO29: =IF(CM29=CN29,TRUE,IF(CN29="SKIPPED","SKIPPED",IF(CN29="N/A","BLANK",FALSE))) -> BLANK | CP29: 8 | CQ29: =MOD(CP29+CP28,10) -> 7 | CR29: =MOD(CP29+CP28,10) -> 7 | CS29: =IF(CQ29=CR29,TRUE,IF(CR29="SKIPPED","SKIPPED",IF(CR29="N/A","BLANK",FALSE))) -> TRUE | CT29: 4 | CU29: =MOD(CT29+CT28,10) -> 7 | CV29: =MOD(CT29+CT28,10) -> 7 | CW29: =IF(CU29=CV29,TRUE,IF(CV29="SKIPPED","SKIPPED",IF(CV29="N/A","BLANK",FALSE))) -> TRUE | CX29: 5 | CY29: =MOD(CX29+CX28,10) -> 0 | CZ29: N/A | DA29: =IF(CY29=CZ29,TRUE,IF(CZ29="SKIPPED","SKIPPED",IF(CZ29="N/A","BLANK",FALSE))) -> BLANK | DB29: 9 | DC29: =MOD(DB29+DB28,10) -> 8 | DD29: N/A | DE29: =IF(DC29=DD29,TRUE,IF(DD29="SKIPPED","SKIPPED",IF(DD29="N/A","BLANK",FALSE))) -> BLANK | DF29: 6 | DG29: =MOD(DF29+DF28,10) -> 4 | DH29: N/A | DI29: =IF(DG29=DH29,TRUE,IF(DH29="SKIPPED","SKIPPED",IF(DH29="N/A","BLANK",FALSE))) -> BLANK | DJ29: 3 | DK29: =MOD(DJ29+DJ28,10) -> 9 | DL29: =MOD(DJ29+DJ28,10) -> 9 | DM29: =IF(DK29=DL29,TRUE,IF(DL29="SKIPPED","SKIPPED",IF(DL29="N/A","BLANK",FALSE))) -> TRUE | DN29: 5 | DO29: =MOD(DN29+DN28,10) -> 7 | DP29: =MOD(DN29+DN28,10) -> 7 | DQ29: =IF(DO29=DP29,TRUE,IF(DP29="SKIPPED","SKIPPED",IF(DP29="N/A","BLANK",FALSE))) -> TRUE | DR29: 2 | DS29: =MOD(DR29+DR28,10) -> 4 | DT29: =MOD(DR29+DR28,10) -> 4 | DU29: =IF(DS29=DT29,TRUE,IF(DT29="SKIPPED","SKIPPED",IF(DT29="N/A","BLANK",FALSE))) -> TRUE | DV29: 9 | DW29: =MOD(DV29+DV28,10) -> 5 | DX29: N/A | DY29: =IF(DW29=DX29,TRUE,IF(DX29="SKIPPED","SKIPPED",IF(DX29="N/A","BLANK",FALSE))) -> BLANK | DZ29: 9 | EA29: =MOD(DZ29+DZ28,10) -> 2 | EB29: N/A | EC29: =IF(EA29=EB29,TRUE,IF(EB29="SKIPPED","SKIPPED",IF(EB29="N/A","BLANK",FALSE))) -> BLANK | ED29: 7 | EE29: =MOD(ED29+ED28,10) -> 3 | EF29: N/A | EG29: =IF(EE29=EF29,TRUE,IF(EF29="SKIPPED","SKIPPED",IF(EF29="N/A","BLANK",FALSE))) -> BLANK | EH29: 2 | EI29: =MOD(EH29+EH28,10) -> 0 | EJ29: N/A | EK29: =IF(EI29=EJ29,TRUE,IF(EJ29="SKIPPED","SKIPPED",IF(EJ29="N/A","BLANK",FALSE))) -> BLANK | EL29: 0 | EM29: =MOD(EL29+EL28,10) -> 8 | EN29: N/A | EO29: =IF(EM29=EN29,TRUE,IF(EN29="SKIPPED","SKIPPED",IF(EN29="N/A","BLANK",FALSE))) -> BLANK | EP29: 2 | EQ29: =MOD(EP29+EP28,10) -> 8 | ER29: N/A | ES29: =IF(EQ29=ER29,TRUE,IF(ER29="SKIPPED","SKIPPED",IF(ER29="N/A","BLANK",FALSE))) -> BLANK | ET29: 2 | EU29: =MOD(ET29+ET28,10) -> 0 | EV29: N/A | EW29: =IF(EU29=EV29,TRUE,IF(EV29="SKIPPED","SKIPPED",IF(EV29="N/A","BLANK",FALSE))) -> BLANK | EX29: 7 | EY29: =MOD(EX29+EX28,10) -> 0 | EZ29: N/A | FA29: =IF(EY29=EZ29,TRUE,IF(EZ29="SKIPPED","SKIPPED",IF(EZ29="N/A","BLANK",FALSE))) -> BLANK | FB29: 9 | FC29: =MOD(FB29+FB28,10) -> 7 | FD29: N/A | FE29: =IF(FC29=FD29,TRUE,IF(FD29="SKIPPED","SKIPPED",IF(FD29="N/A","BLANK",FALSE))) -> BLANK
A30: 28 | B30: 9 | C30: =MOD(B30+B29,10) -> 2 | D30: N/A | E30: =IF(C30=D30,TRUE,IF(D30="SKIPPED","SKIPPED",IF(D30="N/A","BLANK",FALSE))) -> BLANK | F30: 3 | G30: =MOD(F30+F29,10) -> 8 | H30: N/A | I30: =IF(G30=H30,TRUE,IF(H30="SKIPPED","SKIPPED",IF(H30="N/A","BLANK",FALSE))) -> BLANK | J30: 8 | K30: =MOD(J30+J29,10) -> 6 | L30: =MOD(J30+J29,10) -> 6 | M30: =IF(K30=L30,TRUE,IF(L30="SKIPPED","SKIPPED",IF(L30="N/A","BLANK",FALSE))) -> TRUE | N30: 4 | O30: =MOD(N30+N29,10) -> 9 | P30: =MOD(N30+N29,10) -> 9 | Q30: =IF(O30=P30,TRUE,IF(P30="SKIPPED","SKIPPED",IF(P30="N/A","BLANK",FALSE))) -> TRUE | R30: 5 | S30: =MOD(R30+R29,10) -> 1 | T30: =MOD(R30+R29,10) -> 1 | U30: =IF(S30=T30,TRUE,IF(T30="SKIPPED","SKIPPED",IF(T30="N/A","BLANK",FALSE))) -> TRUE | V30: 6 | W30: =MOD(V30+V29,10) -> 0 | X30: N/A | Y30: =IF(W30=X30,TRUE,IF(X30="SKIPPED","SKIPPED",IF(X30="N/A","BLANK",FALSE))) -> BLANK | Z30: 5 | AA30: =MOD(Z30+Z29,10) -> 1 | AB30: N/A | AC30: =IF(AA30=AB30,TRUE,IF(AB30="SKIPPED","SKIPPED",IF(AB30="N/A","BLANK",FALSE))) -> BLANK | AD30: 6 | AE30: =MOD(AD30+AD29,10) -> 9 | AF30: N/A | AG30: =IF(AE30=AF30,TRUE,IF(AF30="SKIPPED","SKIPPED",IF(AF30="N/A","BLANK",FALSE))) -> BLANK | AH30: 9 | AI30: =MOD(AH30+AH29,10) -> 3 | AJ30: N/A | AK30: =IF(AI30=AJ30,TRUE,IF(AJ30="SKIPPED","SKIPPED",IF(AJ30="N/A","BLANK",FALSE))) -> BLANK | AL30: 9 | AM30: =MOD(AL30+AL29,10) -> 4 | AN30: =MOD(AL30+AL29,10) -> 4 | AO30: =IF(AM30=AN30,TRUE,IF(AN30="SKIPPED","SKIPPED",IF(AN30="N/A","BLANK",FALSE))) -> TRUE | AP30: 5 | AQ30: =MOD(AP30+AP29,10) -> 1 | AR30: =MOD(AP30+AP29,10) -> 1 | AS30: =IF(AQ30=AR30,TRUE,IF(AR30="SKIPPED","SKIPPED",IF(AR30="N/A","BLANK",FALSE))) -> TRUE | AT30: 4 | AU30: =MOD(AT30+AT29,10) -> 9 | AV30: N/A | AW30: =IF(AU30=AV30,TRUE,IF(AV30="SKIPPED","SKIPPED",IF(AV30="N/A","BLANK",FALSE))) -> BLANK | AX30: 8 | AY30: =MOD(AX30+AX29,10) -> 6 | AZ30: N/A | BA30: =IF(AY30=AZ30,TRUE,IF(AZ30="SKIPPED","SKIPPED",IF(AZ30="N/A","BLANK",FALSE))) -> BLANK | BB30: 8 | BC30: =MOD(BB30+BB29,10) -> 5 | BD30: N/A | BE30: =IF(BC30=BD30,TRUE,IF(BD30="SKIPPED","SKIPPED",IF(BD30="N/A","BLANK",FALSE))) -> BLANK | BF30: 9 | BG30: =MOD(BF30+BF29,10) -> 1 | BH30: N/A | BI30: =IF(BG30=BH30,TRUE,IF(BH30="SKIPPED","SKIPPED",IF(BH30="N/A","BLANK",FALSE))) -> BLANK | BJ30: 9 | BK30: =MOD(BJ30+BJ29,10) -> 1 | BL30: N/A | BM30: =IF(BK30=BL30,TRUE,IF(BL30="SKIPPED","SKIPPED",IF(BL30="N/A","BLANK",FALSE))) -> BLANK | BN30: 8 | BO30: =MOD(BN30+BN29,10) -> 6 | BP30: =MOD(BN30+BN29,10) -> 6 | BQ30: =IF(BO30=BP30,TRUE,IF(BP30="SKIPPED","SKIPPED",IF(BP30="N/A","BLANK",FALSE))) -> TRUE | BR30: 9 | BS30: =MOD(BR30+BR29,10) -> 3 | BT30: =MOD(BR30+BR29,10) -> 3 | BU30: =IF(BS30=BT30,TRUE,IF(BT30="SKIPPED","SKIPPED",IF(BT30="N/A","BLANK",FALSE))) -> TRUE | BV30: 5 | BW30: =MOD(BV30+BV29,10) -> 3 | BX30: =MOD(BV30+BV29,10) -> 3 | BY30: =IF(BW30=BX30,TRUE,IF(BX30="SKIPPED","SKIPPED",IF(BX30="N/A","BLANK",FALSE))) -> TRUE | BZ30: 3 | CA30: =MOD(BZ30+BZ29,10) -> 7 | CB30: =MOD(BZ30+BZ29,10) -> 7 | CC30: =IF(CA30=CB30,TRUE,IF(CB30="SKIPPED","SKIPPED",IF(CB30="N/A","BLANK",FALSE))) -> TRUE | CD30: 6 | CE30: =MOD(CD30+CD29,10) -> 4 | CF30: =MOD(CD30+CD29,10) -> 4 | CG30: =IF(CE30=CF30,TRUE,IF(CF30="SKIPPED","SKIPPED",IF(CF30="N/A","BLANK",FALSE))) -> TRUE | CH30: 9 | CI30: =MOD(CH30+CH29,10) -> 3 | CJ30: N/A | CK30: =IF(CI30=CJ30,TRUE,IF(CJ30="SKIPPED","SKIPPED",IF(CJ30="N/A","BLANK",FALSE))) -> BLANK | CL30: 4 | CM30: =MOD(CL30+CL29,10) -> 3 | CN30: N/A | CO30: =IF(CM30=CN30,TRUE,IF(CN30="SKIPPED","SKIPPED",IF(CN30="N/A","BLANK",FALSE))) -> BLANK | CP30: 8 | CQ30: =MOD(CP30+CP29,10) -> 6 | CR30: =MOD(CP30+CP29,10) -> 6 | CS30: =IF(CQ30=CR30,TRUE,IF(CR30="SKIPPED","SKIPPED",IF(CR30="N/A","BLANK",FALSE))) -> TRUE | CT30: 4 | CU30: =MOD(CT30+CT29,10) -> 8 | CV30: =MOD(CT30+CT29,10) -> 8 | CW30: =IF(CU30=CV30,TRUE,IF(CV30="SKIPPED","SKIPPED",IF(CV30="N/A","BLANK",FALSE))) -> TRUE | CX30: 9 | CY30: =MOD(CX30+CX29,10) -> 4 | CZ30: N/A | DA30: =IF(CY30=CZ30,TRUE,IF(CZ30="SKIPPED","SKIPPED",IF(CZ30="N/A","BLANK",FALSE))) -> BLANK | DB30: 5 | DC30: =MOD(DB30+DB29,10) -> 4 | DD30: N/A | DE30: =IF(DC30=DD30,TRUE,IF(DD30="SKIPPED","SKIPPED",IF(DD30="N/A","BLANK",FALSE))) -> BLANK | DF30: 7 | DG30: =MOD(DF30+DF29,10) -> 3 | DH30: =MOD(DF30+DF29,10) -> 3 | DI30: =IF(DG30=DH30,TRUE,IF(DH30="SKIPPED","SKIPPED",IF(DH30="N/A","BLANK",FALSE))) -> TRUE | DJ30: 9 | DK30: =MOD(DJ30+DJ29,10) -> 2 | DL30: 0 | DM30: =IF(DK30=DL30,TRUE,IF(DL30="SKIPPED","SKIPPED",IF(DL30="N/A","BLANK",FALSE))) -> FALSE | DN30: 3 | DO30: =MOD(DN30+DN29,10) -> 8 | DP30: =MOD(DN30+DN29,10) -> 8 | DQ30: =IF(DO30=DP30,TRUE,IF(DP30="SKIPPED","SKIPPED",IF(DP30="N/A","BLANK",FALSE))) -> TRUE | DR30: 8 | DS30: =MOD(DR30+DR29,10) -> 0 | DT30: =MOD(DR30+DR29,10) -> 0 | DU30: =IF(DS30=DT30,TRUE,IF(DT30="SKIPPED","SKIPPED",IF(DT30="N/A","BLANK",FALSE))) -> TRUE | DV30: 5 | DW30: =MOD(DV30+DV29,10) -> 4 | DX30: N/A | DY30: =IF(DW30=DX30,TRUE,IF(DX30="SKIPPED","SKIPPED",IF(DX30="N/A","BLANK",FALSE))) -> BLANK | DZ30: 6 | EA30: =MOD(DZ30+DZ29,10) -> 5 | EB30: N/A | EC30: =IF(EA30=EB30,TRUE,IF(EB30="SKIPPED","SKIPPED",IF(EB30="N/A","BLANK",FALSE))) -> BLANK | ED30: 2 | EE30: =MOD(ED30+ED29,10) -> 9 | EF30: N/A | EG30: =IF(EE30=EF30,TRUE,IF(EF30="SKIPPED","SKIPPED",IF(EF30="N/A","BLANK",FALSE))) -> BLANK | EH30: 4 | EI30: =MOD(EH30+EH29,10) -> 6 | EJ30: =MOD(EH30+EH29,10) -> 6 | EK30: =IF(EI30=EJ30,TRUE,IF(EJ30="SKIPPED","SKIPPED",IF(EJ30="N/A","BLANK",FALSE))) -> TRUE | EL30: 8 | EM30: =MOD(EL30+EL29,10) -> 8 | EN30: =MOD(EL30+EL29,10) -> 8 | EO30: =IF(EM30=EN30,TRUE,IF(EN30="SKIPPED","SKIPPED",IF(EN30="N/A","BLANK",FALSE))) -> TRUE | EP30: 3 | EQ30: =MOD(EP30+EP29,10) -> 5 | ER30: =MOD(EP30+EP29,10) -> 5 | ES30: =IF(EQ30=ER30,TRUE,IF(ER30="SKIPPED","SKIPPED",IF(ER30="N/A","BLANK",FALSE))) -> TRUE | ET30: 6 | EU30: =MOD(ET30+ET29,10) -> 8 | EV30: N/A | EW30: =IF(EU30=EV30,TRUE,IF(EV30="SKIPPED","SKIPPED",IF(EV30="N/A","BLANK",FALSE))) -> BLANK | EX30: 4 | EY30: =MOD(EX30+EX29,10) -> 1 | EZ30: =MOD(EX30+EX29,10) -> 1 | FA30: =IF(EY30=EZ30,TRUE,IF(EZ30="SKIPPED","SKIPPED",IF(EZ30="N/A","BLANK",FALSE))) -> TRUE | FB30: 7 | FC30: =MOD(FB30+FB29,10) -> 6 | FD30: N/A | FE30: =IF(FC30=FD30,TRUE,IF(FD30="SKIPPED","SKIPPED",IF(FD30="N/A","BLANK",FALSE))) -> BLANK
A31: 27 | B31: 8 | C31: =MOD(B31+B30,10) -> 7 | D31: =MOD(B31+B30,10) -> 7 | E31: =IF(C31=D31,TRUE,IF(D31="SKIPPED","SKIPPED",IF(D31="N/A","BLANK",FALSE))) -> TRUE | F31: 7 | G31: =MOD(F31+F30,10) -> 0 | H31: N/A | I31: =IF(G31=H31,TRUE,IF(H31="SKIPPED","SKIPPED",IF(H31="N/A","BLANK",FALSE))) -> BLANK | J31: 5 | K31: =MOD(J31+J30,10) -> 3 | L31: =MOD(J31+J30,10) -> 3 | M31: =IF(K31=L31,TRUE,IF(L31="SKIPPED","SKIPPED",IF(L31="N/A","BLANK",FALSE))) -> TRUE | N31: 2 | O31: =MOD(N31+N30,10) -> 6 | P31: =MOD(N31+N30,10) -> 6 | Q31: =IF(O31=P31,TRUE,IF(P31="SKIPPED","SKIPPED",IF(P31="N/A","BLANK",FALSE))) -> TRUE | R31: 4 | S31: =MOD(R31+R30,10) -> 9 | T31: =MOD(R31+R30,10) -> 9 | U31: =IF(S31=T31,TRUE,IF(T31="SKIPPED","SKIPPED",IF(T31="N/A","BLANK",FALSE))) -> TRUE | V31: 3 | W31: =MOD(V31+V30,10) -> 9 | X31: =MOD(V31+V30,10) -> 9 | Y31: =IF(W31=X31,TRUE,IF(X31="SKIPPED","SKIPPED",IF(X31="N/A","BLANK",FALSE))) -> TRUE | Z31: 8 | AA31: =MOD(Z31+Z30,10) -> 3 | AB31: =MOD(Z31+Z30,10) -> 3 | AC31: =IF(AA31=AB31,TRUE,IF(AB31="SKIPPED","SKIPPED",IF(AB31="N/A","BLANK",FALSE))) -> TRUE | AD31: 6 | AE31: =MOD(AD31+AD30,10) -> 2 | AF31: =MOD(AD31+AD30,10) -> 2 | AG31: =IF(AE31=AF31,TRUE,IF(AF31="SKIPPED","SKIPPED",IF(AF31="N/A","BLANK",FALSE))) -> TRUE | AH31: 2 | AI31: =MOD(AH31+AH30,10) -> 1 | AJ31: =MOD(AH31+AH30,10) -> 1 | AK31: =IF(AI31=AJ31,TRUE,IF(AJ31="SKIPPED","SKIPPED",IF(AJ31="N/A","BLANK",FALSE))) -> TRUE | AL31: 1 | AM31: =MOD(AL31+AL30,10) -> 0 | AN31: =MOD(AL31+AL30,10) -> 0 | AO31: =IF(AM31=AN31,TRUE,IF(AN31="SKIPPED","SKIPPED",IF(AN31="N/A","BLANK",FALSE))) -> TRUE | AP31: 2 | AQ31: =MOD(AP31+AP30,10) -> 7 | AR31: =MOD(AP31+AP30,10) -> 7 | AS31: =IF(AQ31=AR31,TRUE,IF(AR31="SKIPPED","SKIPPED",IF(AR31="N/A","BLANK",FALSE))) -> TRUE | AT31: 3 | AU31: =MOD(AT31+AT30,10) -> 7 | AV31: N/A | AW31: =IF(AU31=AV31,TRUE,IF(AV31="SKIPPED","SKIPPED",IF(AV31="N/A","BLANK",FALSE))) -> BLANK | AX31: 7 | AY31: =MOD(AX31+AX30,10) -> 5 | AZ31: N/A | BA31: =IF(AY31=AZ31,TRUE,IF(AZ31="SKIPPED","SKIPPED",IF(AZ31="N/A","BLANK",FALSE))) -> BLANK | BB31: 4 | BC31: =MOD(BB31+BB30,10) -> 2 | BD31: =MOD(BB31+BB30,10) -> 2 | BE31: =IF(BC31=BD31,TRUE,IF(BD31="SKIPPED","SKIPPED",IF(BD31="N/A","BLANK",FALSE))) -> TRUE | BF31: 8 | BG31: =MOD(BF31+BF30,10) -> 7 | BH31: N/A | BI31: =IF(BG31=BH31,TRUE,IF(BH31="SKIPPED","SKIPPED",IF(BH31="N/A","BLANK",FALSE))) -> BLANK | BJ31: 6 | BK31: =MOD(BJ31+BJ30,10) -> 5 | BL31: N/A | BM31: =IF(BK31=BL31,TRUE,IF(BL31="SKIPPED","SKIPPED",IF(BL31="N/A","BLANK",FALSE))) -> BLANK | BN31: 5 | BO31: =MOD(BN31+BN30,10) -> 3 | BP31: =MOD(BN31+BN30,10) -> 3 | BQ31: =IF(BO31=BP31,TRUE,IF(BP31="SKIPPED","SKIPPED",IF(BP31="N/A","BLANK",FALSE))) -> TRUE | BR31: 2 | BS31: =MOD(BR31+BR30,10) -> 1 | BT31: =MOD(BR31+BR30,10) -> 1 | BU31: =IF(BS31=BT31,TRUE,IF(BT31="SKIPPED","SKIPPED",IF(BT31="N/A","BLANK",FALSE))) -> TRUE | BV31: 4 | BW31: =MOD(BV31+BV30,10) -> 9 | BX31: =MOD(BV31+BV30,10) -> 9 | BY31: =IF(BW31=BX31,TRUE,IF(BX31="SKIPPED","SKIPPED",IF(BX31="N/A","BLANK",FALSE))) -> TRUE | BZ31: 7 | CA31: =MOD(BZ31+BZ30,10) -> 0 | CB31: =MOD(BZ31+BZ30,10) -> 0 | CC31: =IF(CA31=CB31,TRUE,IF(CB31="SKIPPED","SKIPPED",IF(CB31="N/A","BLANK",FALSE))) -> TRUE | CD31: 3 | CE31: =MOD(CD31+CD30,10) -> 9 | CF31: =MOD(CD31+CD30,10) -> 9 | CG31: =IF(CE31=CF31,TRUE,IF(CF31="SKIPPED","SKIPPED",IF(CF31="N/A","BLANK",FALSE))) -> TRUE | CH31: 9 | CI31: =MOD(CH31+CH30,10) -> 8 | CJ31: N/A | CK31: =IF(CI31=CJ31,TRUE,IF(CJ31="SKIPPED","SKIPPED",IF(CJ31="N/A","BLANK",FALSE))) -> BLANK | CL31: 1 | CM31: =MOD(CL31+CL30,10) -> 5 | CN31: N/A | CO31: =IF(CM31=CN31,TRUE,IF(CN31="SKIPPED","SKIPPED",IF(CN31="N/A","BLANK",FALSE))) -> BLANK | CP31: 6 | CQ31: =MOD(CP31+CP30,10) -> 4 | CR31: =MOD(CP31+CP30,10) -> 4 | CS31: =IF(CQ31=CR31,TRUE,IF(CR31="SKIPPED","SKIPPED",IF(CR31="N/A","BLANK",FALSE))) -> TRUE | CT31: 7 | CU31: =MOD(CT31+CT30,10) -> 1 | CV31: =MOD(CT31+CT30,10) -> 1 | CW31: =IF(CU31=CV31,TRUE,IF(CV31="SKIPPED","SKIPPED",IF(CV31="N/A","BLANK",FALSE))) -> TRUE | CX31: 4 | CY31: =MOD(CX31+CX30,10) -> 3 | CZ31: N/A | DA31: =IF(CY31=CZ31,TRUE,IF(CZ31="SKIPPED","SKIPPED",IF(CZ31="N/A","BLANK",FALSE))) -> BLANK | DB31: 7 | DC31: =MOD(DB31+DB30,10) -> 2 | DD31: N/A | DE31: =IF(DC31=DD31,TRUE,IF(DD31="SKIPPED","SKIPPED",IF(DD31="N/A","BLANK",FALSE))) -> BLANK | DF31: 4 | DG31: =MOD(DF31+DF30,10) -> 1 | DH31: =MOD(DF31+DF30,10) -> 1 | DI31: =IF(DG31=DH31,TRUE,IF(DH31="SKIPPED","SKIPPED",IF(DH31="N/A","BLANK",FALSE))) -> TRUE | DJ31: 8 | DK31: =MOD(DJ31+DJ30,10) -> 7 | DL31: =MOD(DJ31+DJ30,10) -> 7 | DM31: =IF(DK31=DL31,TRUE,IF(DL31="SKIPPED","SKIPPED",IF(DL31="N/A","BLANK",FALSE))) -> TRUE | DN31: 7 | DO31: =MOD(DN31+DN30,10) -> 0 | DP31: =MOD(DN31+DN30,10) -> 0 | DQ31: =IF(DO31=DP31,TRUE,IF(DP31="SKIPPED","SKIPPED",IF(DP31="N/A","BLANK",FALSE))) -> TRUE | DR31: 7 | DS31: =MOD(DR31+DR30,10) -> 5 | DT31: =MOD(DR31+DR30,10) -> 5 | DU31: =IF(DS31=DT31,TRUE,IF(DT31="SKIPPED","SKIPPED",IF(DT31="N/A","BLANK",FALSE))) -> TRUE | DV31: 1 | DW31: =MOD(DV31+DV30,10) -> 6 | DX31: =MOD(DV31+DV30,10) -> 6 | DY31: =IF(DW31=DX31,TRUE,IF(DX31="SKIPPED","SKIPPED",IF(DX31="N/A","BLANK",FALSE))) -> TRUE | DZ31: 6 | EA31: =MOD(DZ31+DZ30,10) -> 2 | EB31: N/A | EC31: =IF(EA31=EB31,TRUE,IF(EB31="SKIPPED","SKIPPED",IF(EB31="N/A","BLANK",FALSE))) -> BLANK | ED31: 8 | EE31: =MOD(ED31+ED30,10) -> 0 | EF31: =MOD(ED31+ED30,10) -> 0 | EG31: =IF(EE31=EF31,TRUE,IF(EF31="SKIPPED","SKIPPED",IF(EF31="N/A","BLANK",FALSE))) -> TRUE | EH31: 5 | EI31: =MOD(EH31+EH30,10) -> 9 | EJ31: =MOD(EH31+EH30,10) -> 9 | EK31: =IF(EI31=EJ31,TRUE,IF(EJ31="SKIPPED","SKIPPED",IF(EJ31="N/A","BLANK",FALSE))) -> TRUE | EL31: 7 | EM31: =MOD(EL31+EL30,10) -> 5 | EN31: =MOD(EL31+EL30,10) -> 5 | EO31: =IF(EM31=EN31,TRUE,IF(EN31="SKIPPED","SKIPPED",IF(EN31="N/A","BLANK",FALSE))) -> TRUE | EP31: 3 | EQ31: =MOD(EP31+EP30,10) -> 6 | ER31: =MOD(EP31+EP30,10) -> 6 | ES31: =IF(EQ31=ER31,TRUE,IF(ER31="SKIPPED","SKIPPED",IF(ER31="N/A","BLANK",FALSE))) -> TRUE | ET31: 4 | EU31: =MOD(ET31+ET30,10) -> 0 | EV31: N/A | EW31: =IF(EU31=EV31,TRUE,IF(EV31="SKIPPED","SKIPPED",IF(EV31="N/A","BLANK",FALSE))) -> BLANK | EX31: 9 | EY31: =MOD(EX31+EX30,10) -> 3 | EZ31: =MOD(EX31+EX30,10) -> 3 | FA31: =IF(EY31=EZ31,TRUE,IF(EZ31="SKIPPED","SKIPPED",IF(EZ31="N/A","BLANK",FALSE))) -> TRUE | FB31: 5 | FC31: =MOD(FB31+FB30,10) -> 2 | FD31: N/A | FE31: =IF(FC31=FD31,TRUE,IF(FD31="SKIPPED","SKIPPED",IF(FD31="N/A","BLANK",FALSE))) -> BLANK
A32: 26 | B32: 7 | C32: =MOD(B32+B31,10) -> 5 | D32: =MOD(B32+B31,10) -> 5 | E32: =IF(C32=D32,TRUE,IF(D32="SKIPPED","SKIPPED",IF(D32="N/A","BLANK",FALSE))) -> TRUE | F32: 7 | G32: =MOD(F32+F31,10) -> 4 | H32: =MOD(F32+F31,10) -> 4 | I32: =IF(G32=H32,TRUE,IF(H32="SKIPPED","SKIPPED",IF(H32="N/A","BLANK",FALSE))) -> TRUE | J32: 9 | K32: =MOD(J32+J31,10) -> 4 | L32: =MOD(J32+J31,10) -> 4 | M32: =IF(K32=L32,TRUE,IF(L32="SKIPPED","SKIPPED",IF(L32="N/A","BLANK",FALSE))) -> TRUE | N32: 9 | O32: =MOD(N32+N31,10) -> 1 | P32: =MOD(N32+N31,10) -> 1 | Q32: =IF(O32=P32,TRUE,IF(P32="SKIPPED","SKIPPED",IF(P32="N/A","BLANK",FALSE))) -> TRUE | R32: 4 | S32: =MOD(R32+R31,10) -> 8 | T32: =MOD(R32+R31,10) -> 8 | U32: =IF(S32=T32,TRUE,IF(T32="SKIPPED","SKIPPED",IF(T32="N/A","BLANK",FALSE))) -> TRUE | V32: 2 | W32: =MOD(V32+V31,10) -> 5 | X32: =MOD(V32+V31,10) -> 5 | Y32: =IF(W32=X32,TRUE,IF(X32="SKIPPED","SKIPPED",IF(X32="N/A","BLANK",FALSE))) -> TRUE | Z32: 4 | AA32: =MOD(Z32+Z31,10) -> 2 | AB32: =MOD(Z32+Z31,10) -> 2 | AC32: =IF(AA32=AB32,TRUE,IF(AB32="SKIPPED","SKIPPED",IF(AB32="N/A","BLANK",FALSE))) -> TRUE | AD32: 9 | AE32: =MOD(AD32+AD31,10) -> 5 | AF32: =MOD(AD32+AD31,10) -> 5 | AG32: =IF(AE32=AF32,TRUE,IF(AF32="SKIPPED","SKIPPED",IF(AF32="N/A","BLANK",FALSE))) -> TRUE | AH32: 7 | AI32: =MOD(AH32+AH31,10) -> 9 | AJ32: =MOD(AH32+AH31,10) -> 9 | AK32: =IF(AI32=AJ32,TRUE,IF(AJ32="SKIPPED","SKIPPED",IF(AJ32="N/A","BLANK",FALSE))) -> TRUE | AL32: 9 | AM32: =MOD(AL32+AL31,10) -> 0 | AN32: =MOD(AL32+AL31,10) -> 0 | AO32: =IF(AM32=AN32,TRUE,IF(AN32="SKIPPED","SKIPPED",IF(AN32="N/A","BLANK",FALSE))) -> TRUE | AP32: 2 | AQ32: =MOD(AP32+AP31,10) -> 4 | AR32: =MOD(AP32+AP31,10) -> 4 | AS32: =IF(AQ32=AR32,TRUE,IF(AR32="SKIPPED","SKIPPED",IF(AR32="N/A","BLANK",FALSE))) -> TRUE | AT32: 2 | AU32: =MOD(AT32+AT31,10) -> 5 | AV32: N/A | AW32: =IF(AU32=AV32,TRUE,IF(AV32="SKIPPED","SKIPPED",IF(AV32="N/A","BLANK",FALSE))) -> BLANK | AX32: 6 | AY32: =MOD(AX32+AX31,10) -> 3 | AZ32: N/A | BA32: =IF(AY32=AZ32,TRUE,IF(AZ32="SKIPPED","SKIPPED",IF(AZ32="N/A","BLANK",FALSE))) -> BLANK | BB32: 4 | BC32: =MOD(BB32+BB31,10) -> 8 | BD32: =MOD(BB32+BB31,10) -> 8 | BE32: =IF(BC32=BD32,TRUE,IF(BD32="SKIPPED","SKIPPED",IF(BD32="N/A","BLANK",FALSE))) -> TRUE | BF32: 7 | BG32: =MOD(BF32+BF31,10) -> 5 | BH32: 6 | BI32: =IF(BG32=BH32,TRUE,IF(BH32="SKIPPED","SKIPPED",IF(BH32="N/A","BLANK",FALSE))) -> FALSE | BJ32: 4 | BK32: =MOD(BJ32+BJ31,10) -> 0 | BL32: N/A | BM32: =IF(BK32=BL32,TRUE,IF(BL32="SKIPPED","SKIPPED",IF(BL32="N/A","BLANK",FALSE))) -> BLANK | BN32: 2 | BO32: =MOD(BN32+BN31,10) -> 7 | BP32: 6 | BQ32: =IF(BO32=BP32,TRUE,IF(BP32="SKIPPED","SKIPPED",IF(BP32="N/A","BLANK",FALSE))) -> FALSE | BR32: 2 | BS32: =MOD(BR32+BR31,10) -> 4 | BT32: =MOD(BR32+BR31,10) -> 4 | BU32: =IF(BS32=BT32,TRUE,IF(BT32="SKIPPED","SKIPPED",IF(BT32="N/A","BLANK",FALSE))) -> TRUE | BV32: 2 | BW32: =MOD(BV32+BV31,10) -> 6 | BX32: =MOD(BV32+BV31,10) -> 6 | BY32: =IF(BW32=BX32,TRUE,IF(BX32="SKIPPED","SKIPPED",IF(BX32="N/A","BLANK",FALSE))) -> TRUE | BZ32: 9 | CA32: =MOD(BZ32+BZ31,10) -> 6 | CB32: =MOD(BZ32+BZ31,10) -> 6 | CC32: =IF(CA32=CB32,TRUE,IF(CB32="SKIPPED","SKIPPED",IF(CB32="N/A","BLANK",FALSE))) -> TRUE | CD32: 2 | CE32: =MOD(CD32+CD31,10) -> 5 | CF32: =MOD(CD32+CD31,10) -> 5 | CG32: =IF(CE32=CF32,TRUE,IF(CF32="SKIPPED","SKIPPED",IF(CF32="N/A","BLANK",FALSE))) -> TRUE | CH32: 8 | CI32: =MOD(CH32+CH31,10) -> 7 | CJ32: N/A | CK32: =IF(CI32=CJ32,TRUE,IF(CJ32="SKIPPED","SKIPPED",IF(CJ32="N/A","BLANK",FALSE))) -> BLANK | CL32: 7 | CM32: =MOD(CL32+CL31,10) -> 8 | CN32: =MOD(CL32+CL31,10) -> 8 | CO32: =IF(CM32=CN32,TRUE,IF(CN32="SKIPPED","SKIPPED",IF(CN32="N/A","BLANK",FALSE))) -> TRUE | CP32: 3 | CQ32: =MOD(CP32+CP31,10) -> 9 | CR32: =MOD(CP32+CP31,10) -> 9 | CS32: =IF(CQ32=CR32,TRUE,IF(CR32="SKIPPED","SKIPPED",IF(CR32="N/A","BLANK",FALSE))) -> TRUE | CT32: 6 | CU32: =MOD(CT32+CT31,10) -> 3 | CV32: =MOD(CT32+CT31,10) -> 3 | CW32: =IF(CU32=CV32,TRUE,IF(CV32="SKIPPED","SKIPPED",IF(CV32="N/A","BLANK",FALSE))) -> TRUE | CX32: 7 | CY32: =MOD(CX32+CX31,10) -> 1 | CZ32: N/A | DA32: =IF(CY32=CZ32,TRUE,IF(CZ32="SKIPPED","SKIPPED",IF(CZ32="N/A","BLANK",FALSE))) -> BLANK | DB32: 3 | DC32: =MOD(DB32+DB31,10) -> 0 | DD32: N/A | DE32: =IF(DC32=DD32,TRUE,IF(DD32="SKIPPED","SKIPPED",IF(DD32="N/A","BLANK",FALSE))) -> BLANK | DF32: 6 | DG32: =MOD(DF32+DF31,10) -> 0 | DH32: =MOD(DF32+DF31,10) -> 0 | DI32: =IF(DG32=DH32,TRUE,IF(DH32="SKIPPED","SKIPPED",IF(DH32="N/A","BLANK",FALSE))) -> TRUE | DJ32: 4 | DK32: =MOD(DJ32+DJ31,10) -> 2 | DL32: =MOD(DJ32+DJ31,10) -> 2 | DM32: =IF(DK32=DL32,TRUE,IF(DL32="SKIPPED","SKIPPED",IF(DL32="N/A","BLANK",FALSE))) -> TRUE | DN32: 2 | DO32: =MOD(DN32+DN31,10) -> 9 | DP32: =MOD(DN32+DN31,10) -> 9 | DQ32: =IF(DO32=DP32,TRUE,IF(DP32="SKIPPED","SKIPPED",IF(DP32="N/A","BLANK",FALSE))) -> TRUE | DR32: 5 | DS32: =MOD(DR32+DR31,10) -> 2 | DT32: =MOD(DR32+DR31,10) -> 2 | DU32: =IF(DS32=DT32,TRUE,IF(DT32="SKIPPED","SKIPPED",IF(DT32="N/A","BLANK",FALSE))) -> TRUE | DV32: 6 | DW32: =MOD(DV32+DV31,10) -> 7 | DX32: =MOD(DV32+DV31,10) -> 7 | DY32: =IF(DW32=DX32,TRUE,IF(DX32="SKIPPED","SKIPPED",IF(DX32="N/A","BLANK",FALSE))) -> TRUE | DZ32: 4 | EA32: =MOD(DZ32+DZ31,10) -> 0 | EB32: N/A | EC32: =IF(EA32=EB32,TRUE,IF(EB32="SKIPPED","SKIPPED",IF(EB32="N/A","BLANK",FALSE))) -> BLANK | ED32: 9 | EE32: =MOD(ED32+ED31,10) -> 7 | EF32: =MOD(ED32+ED31,10) -> 7 | EG32: =IF(EE32=EF32,TRUE,IF(EF32="SKIPPED","SKIPPED",IF(EF32="N/A","BLANK",FALSE))) -> TRUE | EH32: 7 | EI32: =MOD(EH32+EH31,10) -> 2 | EJ32: =MOD(EH32+EH31,10) -> 2 | EK32: =IF(EI32=EJ32,TRUE,IF(EJ32="SKIPPED","SKIPPED",IF(EJ32="N/A","BLANK",FALSE))) -> TRUE | EL32: 5 | EM32: =MOD(EL32+EL31,10) -> 2 | EN32: =MOD(EL32+EL31,10) -> 2 | EO32: =IF(EM32=EN32,TRUE,IF(EN32="SKIPPED","SKIPPED",IF(EN32="N/A","BLANK",FALSE))) -> TRUE | EP32: 9 | EQ32: =MOD(EP32+EP31,10) -> 2 | ER32: =MOD(EP32+EP31,10) -> 2 | ES32: =IF(EQ32=ER32,TRUE,IF(ER32="SKIPPED","SKIPPED",IF(ER32="N/A","BLANK",FALSE))) -> TRUE | ET32: 9 | EU32: =MOD(ET32+ET31,10) -> 3 | EV32: N/A | EW32: =IF(EU32=EV32,TRUE,IF(EV32="SKIPPED","SKIPPED",IF(EV32="N/A","BLANK",FALSE))) -> BLANK | EX32: 7 | EY32: =MOD(EX32+EX31,10) -> 6 | EZ32: =MOD(EX32+EX31,10) -> 6 | FA32: =IF(EY32=EZ32,TRUE,IF(EZ32="SKIPPED","SKIPPED",IF(EZ32="N/A","BLANK",FALSE))) -> TRUE | FB32: 7 | FC32: =MOD(FB32+FB31,10) -> 2 | FD32: N/A | FE32: =IF(FC32=FD32,TRUE,IF(FD32="SKIPPED","SKIPPED",IF(FD32="N/A","BLANK",FALSE))) -> BLANK
A33: 25 | B33: 5 | C33: =MOD(B33+B32,10) -> 2 | D33: 3 | E33: =IF(C33=D33,TRUE,IF(D33="SKIPPED","SKIPPED",IF(D33="N/A","BLANK",FALSE))) -> FALSE | F33: 2 | G33: =MOD(F33+F32,10) -> 9 | H33: =MOD(F33+F32,10) -> 9 | I33: =IF(G33=H33,TRUE,IF(H33="SKIPPED","SKIPPED",IF(H33="N/A","BLANK",FALSE))) -> TRUE | J33: 6 | K33: =MOD(J33+J32,10) -> 5 | L33: =MOD(J33+J32,10) -> 5 | M33: =IF(K33=L33,TRUE,IF(L33="SKIPPED","SKIPPED",IF(L33="N/A","BLANK",FALSE))) -> TRUE | N33: 8 | O33: =MOD(N33+N32,10) -> 7 | P33: =MOD(N33+N32,10) -> 7 | Q33: =IF(O33=P33,TRUE,IF(P33="SKIPPED","SKIPPED",IF(P33="N/A","BLANK",FALSE))) -> TRUE | R33: 9 | S33: =MOD(R33+R32,10) -> 3 | T33: =MOD(R33+R32,10) -> 3 | U33: =IF(S33=T33,TRUE,IF(T33="SKIPPED","SKIPPED",IF(T33="N/A","BLANK",FALSE))) -> TRUE | V33: 5 | W33: =MOD(V33+V32,10) -> 7 | X33: =MOD(V33+V32,10) -> 7 | Y33: =IF(W33=X33,TRUE,IF(X33="SKIPPED","SKIPPED",IF(X33="N/A","BLANK",FALSE))) -> TRUE | Z33: 3 | AA33: =MOD(Z33+Z32,10) -> 7 | AB33: =MOD(Z33+Z32,10) -> 7 | AC33: =IF(AA33=AB33,TRUE,IF(AB33="SKIPPED","SKIPPED",IF(AB33="N/A","BLANK",FALSE))) -> TRUE | AD33: 2 | AE33: =MOD(AD33+AD32,10) -> 1 | AF33: =MOD(AD33+AD32,10) -> 1 | AG33: =IF(AE33=AF33,TRUE,IF(AF33="SKIPPED","SKIPPED",IF(AF33="N/A","BLANK",FALSE))) -> TRUE | AH33: 7 | AI33: =MOD(AH33+AH32,10) -> 4 | AJ33: =MOD(AH33+AH32,10) -> 4 | AK33: =IF(AI33=AJ33,TRUE,IF(AJ33="SKIPPED","SKIPPED",IF(AJ33="N/A","BLANK",FALSE))) -> TRUE | AL33: 6 | AM33: =MOD(AL33+AL32,10) -> 5 | AN33: =MOD(AL33+AL32,10) -> 5 | AO33: =IF(AM33=AN33,TRUE,IF(AN33="SKIPPED","SKIPPED",IF(AN33="N/A","BLANK",FALSE))) -> TRUE | AP33: 7 | AQ33: =MOD(AP33+AP32,10) -> 9 | AR33: =MOD(AP33+AP32,10) -> 9 | AS33: =IF(AQ33=AR33,TRUE,IF(AR33="SKIPPED","SKIPPED",IF(AR33="N/A","BLANK",FALSE))) -> TRUE | AT33: 6 | AU33: =MOD(AT33+AT32,10) -> 8 | AV33: N/A | AW33: =IF(AU33=AV33,TRUE,IF(AV33="SKIPPED","SKIPPED",IF(AV33="N/A","BLANK",FALSE))) -> BLANK | AX33: 6 | AY33: =MOD(AX33+AX32,10) -> 2 | AZ33: N/A | BA33: =IF(AY33=AZ33,TRUE,IF(AZ33="SKIPPED","SKIPPED",IF(AZ33="N/A","BLANK",FALSE))) -> BLANK | BB33: 5 | BC33: =MOD(BB33+BB32,10) -> 9 | BD33: =MOD(BB33+BB32,10) -> 9 | BE33: =IF(BC33=BD33,TRUE,IF(BD33="SKIPPED","SKIPPED",IF(BD33="N/A","BLANK",FALSE))) -> TRUE | BF33: 5 | BG33: =MOD(BF33+BF32,10) -> 2 | BH33: =MOD(BF33+BF32,10) -> 2 | BI33: =IF(BG33=BH33,TRUE,IF(BH33="SKIPPED","SKIPPED",IF(BH33="N/A","BLANK",FALSE))) -> TRUE | BJ33: 2 | BK33: =MOD(BJ33+BJ32,10) -> 6 | BL33: N/A | BM33: =IF(BK33=BL33,TRUE,IF(BL33="SKIPPED","SKIPPED",IF(BL33="N/A","BLANK",FALSE))) -> BLANK | BN33: 6 | BO33: =MOD(BN33+BN32,10) -> 8 | BP33: =MOD(BN33+BN32,10) -> 8 | BQ33: =IF(BO33=BP33,TRUE,IF(BP33="SKIPPED","SKIPPED",IF(BP33="N/A","BLANK",FALSE))) -> TRUE | BR33: 3 | BS33: =MOD(BR33+BR32,10) -> 5 | BT33: =MOD(BR33+BR32,10) -> 5 | BU33: =IF(BS33=BT33,TRUE,IF(BT33="SKIPPED","SKIPPED",IF(BT33="N/A","BLANK",FALSE))) -> TRUE | BV33: 0 | BW33: =MOD(BV33+BV32,10) -> 2 | BX33: =MOD(BV33+BV32,10) -> 2 | BY33: =IF(BW33=BX33,TRUE,IF(BX33="SKIPPED","SKIPPED",IF(BX33="N/A","BLANK",FALSE))) -> TRUE | BZ33: 5 | CA33: =MOD(BZ33+BZ32,10) -> 4 | CB33: =MOD(BZ33+BZ32,10) -> 4 | CC33: =IF(CA33=CB33,TRUE,IF(CB33="SKIPPED","SKIPPED",IF(CB33="N/A","BLANK",FALSE))) -> TRUE | CD33: 9 | CE33: =MOD(CD33+CD32,10) -> 1 | CF33: =MOD(CD33+CD32,10) -> 1 | CG33: =IF(CE33=CF33,TRUE,IF(CF33="SKIPPED","SKIPPED",IF(CF33="N/A","BLANK",FALSE))) -> TRUE | CH33: 3 | CI33: =MOD(CH33+CH32,10) -> 1 | CJ33: N/A | CK33: =IF(CI33=CJ33,TRUE,IF(CJ33="SKIPPED","SKIPPED",IF(CJ33="N/A","BLANK",FALSE))) -> BLANK | CL33: 9 | CM33: =MOD(CL33+CL32,10) -> 6 | CN33: =MOD(CL33+CL32,10) -> 6 | CO33: =IF(CM33=CN33,TRUE,IF(CN33="SKIPPED","SKIPPED",IF(CN33="N/A","BLANK",FALSE))) -> TRUE | CP33: 5 | CQ33: =MOD(CP33+CP32,10) -> 8 | CR33: =MOD(CP33+CP32,10) -> 8 | CS33: =IF(CQ33=CR33,TRUE,IF(CR33="SKIPPED","SKIPPED",IF(CR33="N/A","BLANK",FALSE))) -> TRUE | CT33: 5 | CU33: =MOD(CT33+CT32,10) -> 1 | CV33: =MOD(CT33+CT32,10) -> 1 | CW33: =IF(CU33=CV33,TRUE,IF(CV33="SKIPPED","SKIPPED",IF(CV33="N/A","BLANK",FALSE))) -> TRUE | CX33: 5 | CY33: =MOD(CX33+CX32,10) -> 2 | CZ33: N/A | DA33: =IF(CY33=CZ33,TRUE,IF(CZ33="SKIPPED","SKIPPED",IF(CZ33="N/A","BLANK",FALSE))) -> BLANK | DB33: 3 | DC33: =MOD(DB33+DB32,10) -> 6 | DD33: N/A | DE33: =IF(DC33=DD33,TRUE,IF(DD33="SKIPPED","SKIPPED",IF(DD33="N/A","BLANK",FALSE))) -> BLANK | DF33: 6 | DG33: =MOD(DF33+DF32,10) -> 2 | DH33: =MOD(DF33+DF32,10) -> 2 | DI33: =IF(DG33=DH33,TRUE,IF(DH33="SKIPPED","SKIPPED",IF(DH33="N/A","BLANK",FALSE))) -> TRUE | DJ33: 4 | DK33: =MOD(DJ33+DJ32,10) -> 8 | DL33: =MOD(DJ33+DJ32,10) -> 8 | DM33: =IF(DK33=DL33,TRUE,IF(DL33="SKIPPED","SKIPPED",IF(DL33="N/A","BLANK",FALSE))) -> TRUE | DN33: 8 | DO33: =MOD(DN33+DN32,10) -> 0 | DP33: =MOD(DN33+DN32,10) -> 0 | DQ33: =IF(DO33=DP33,TRUE,IF(DP33="SKIPPED","SKIPPED",IF(DP33="N/A","BLANK",FALSE))) -> TRUE | DR33: 4 | DS33: =MOD(DR33+DR32,10) -> 9 | DT33: =MOD(DR33+DR32,10) -> 9 | DU33: =IF(DS33=DT33,TRUE,IF(DT33="SKIPPED","SKIPPED",IF(DT33="N/A","BLANK",FALSE))) -> TRUE | DV33: 2 | DW33: =MOD(DV33+DV32,10) -> 8 | DX33: =MOD(DV33+DV32,10) -> 8 | DY33: =IF(DW33=DX33,TRUE,IF(DX33="SKIPPED","SKIPPED",IF(DX33="N/A","BLANK",FALSE))) -> TRUE | DZ33: 3 | EA33: =MOD(DZ33+DZ32,10) -> 7 | EB33: =MOD(DZ33+DZ32,10) -> 7 | EC33: =IF(EA33=EB33,TRUE,IF(EB33="SKIPPED","SKIPPED",IF(EB33="N/A","BLANK",FALSE))) -> TRUE | ED33: 2 | EE33: =MOD(ED33+ED32,10) -> 1 | EF33: =MOD(ED33+ED32,10) -> 1 | EG33: =IF(EE33=EF33,TRUE,IF(EF33="SKIPPED","SKIPPED",IF(EF33="N/A","BLANK",FALSE))) -> TRUE | EH33: 6 | EI33: =MOD(EH33+EH32,10) -> 3 | EJ33: =MOD(EH33+EH32,10) -> 3 | EK33: =IF(EI33=EJ33,TRUE,IF(EJ33="SKIPPED","SKIPPED",IF(EJ33="N/A","BLANK",FALSE))) -> TRUE | EL33: 8 | EM33: =MOD(EL33+EL32,10) -> 3 | EN33: =MOD(EL33+EL32,10) -> 3 | EO33: =IF(EM33=EN33,TRUE,IF(EN33="SKIPPED","SKIPPED",IF(EN33="N/A","BLANK",FALSE))) -> TRUE | EP33: 8 | EQ33: =MOD(EP33+EP32,10) -> 7 | ER33: =MOD(EP33+EP32,10) -> 7 | ES33: =IF(EQ33=ER33,TRUE,IF(ER33="SKIPPED","SKIPPED",IF(ER33="N/A","BLANK",FALSE))) -> TRUE | ET33: 7 | EU33: =MOD(ET33+ET32,10) -> 6 | EV33: =MOD(ET33+ET32,10) -> 6 | EW33: =IF(EU33=EV33,TRUE,IF(EV33="SKIPPED","SKIPPED",IF(EV33="N/A","BLANK",FALSE))) -> TRUE | EX33: 5 | EY33: =MOD(EX33+EX32,10) -> 2 | EZ33: =MOD(EX33+EX32,10) -> 2 | FA33: =IF(EY33=EZ33,TRUE,IF(EZ33="SKIPPED","SKIPPED",IF(EZ33="N/A","BLANK",FALSE))) -> TRUE | FB33: 9 | FC33: =MOD(FB33+FB32,10) -> 6 | FD33: N/A | FE33: =IF(FC33=FD33,TRUE,IF(FD33="SKIPPED","SKIPPED",IF(FD33="N/A","BLANK",FALSE))) -> BLANK
A34: 24 | B34: 5 | C34: =MOD(B34+B33,10) -> 0 | D34: =MOD(B34+B33,10) -> 0 | E34: =IF(C34=D34,TRUE,IF(D34="SKIPPED","SKIPPED",IF(D34="N/A","BLANK",FALSE))) -> TRUE | F34: 8 | G34: =MOD(F34+F33,10) -> 0 | H34: =MOD(F34+F33,10) -> 0 | I34: =IF(G34=H34,TRUE,IF(H34="SKIPPED","SKIPPED",IF(H34="N/A","BLANK",FALSE))) -> TRUE | J34: 2 | K34: =MOD(J34+J33,10) -> 8 | L34: =MOD(J34+J33,10) -> 8 | M34: =IF(K34=L34,TRUE,IF(L34="SKIPPED","SKIPPED",IF(L34="N/A","BLANK",FALSE))) -> TRUE | N34: 8 | O34: =MOD(N34+N33,10) -> 6 | P34: =MOD(N34+N33,10) -> 6 | Q34: =IF(O34=P34,TRUE,IF(P34="SKIPPED","SKIPPED",IF(P34="N/A","BLANK",FALSE))) -> TRUE | R34: 3 | S34: =MOD(R34+R33,10) -> 2 | T34: =MOD(R34+R33,10) -> 2 | U34: =IF(S34=T34,TRUE,IF(T34="SKIPPED","SKIPPED",IF(T34="N/A","BLANK",FALSE))) -> TRUE | V34: 2 | W34: =MOD(V34+V33,10) -> 7 | X34: =MOD(V34+V33,10) -> 7 | Y34: =IF(W34=X34,TRUE,IF(X34="SKIPPED","SKIPPED",IF(X34="N/A","BLANK",FALSE))) -> TRUE | Z34: 7 | AA34: =MOD(Z34+Z33,10) -> 0 | AB34: =MOD(Z34+Z33,10) -> 0 | AC34: =IF(AA34=AB34,TRUE,IF(AB34="SKIPPED","SKIPPED",IF(AB34="N/A","BLANK",FALSE))) -> TRUE | AD34: 4 | AE34: =MOD(AD34+AD33,10) -> 6 | AF34: 0 | AG34: =IF(AE34=AF34,TRUE,IF(AF34="SKIPPED","SKIPPED",IF(AF34="N/A","BLANK",FALSE))) -> FALSE | AH34: 4 | AI34: =MOD(AH34+AH33,10) -> 1 | AJ34: =MOD(AH34+AH33,10) -> 1 | AK34: =IF(AI34=AJ34,TRUE,IF(AJ34="SKIPPED","SKIPPED",IF(AJ34="N/A","BLANK",FALSE))) -> TRUE | AL34: 3 | AM34: =MOD(AL34+AL33,10) -> 9 | AN34: =MOD(AL34+AL33,10) -> 9 | AO34: =IF(AM34=AN34,TRUE,IF(AN34="SKIPPED","SKIPPED",IF(AN34="N/A","BLANK",FALSE))) -> TRUE | AP34: 3 | AQ34: =MOD(AP34+AP33,10) -> 0 | AR34: =MOD(AP34+AP33,10) -> 0 | AS34: =IF(AQ34=AR34,TRUE,IF(AR34="SKIPPED","SKIPPED",IF(AR34="N/A","BLANK",FALSE))) -> TRUE | AT34: 3 | AU34: =MOD(AT34+AT33,10) -> 9 | AV34: N/A | AW34: =IF(AU34=AV34,TRUE,IF(AV34="SKIPPED","SKIPPED",IF(AV34="N/A","BLANK",FALSE))) -> BLANK | AX34: 4 | AY34: =MOD(AX34+AX33,10) -> 0 | AZ34: N/A | BA34: =IF(AY34=AZ34,TRUE,IF(AZ34="SKIPPED","SKIPPED",IF(AZ34="N/A","BLANK",FALSE))) -> BLANK | BB34: 6 | BC34: =MOD(BB34+BB33,10) -> 1 | BD34: =MOD(BB34+BB33,10) -> 1 | BE34: =IF(BC34=BD34,TRUE,IF(BD34="SKIPPED","SKIPPED",IF(BD34="N/A","BLANK",FALSE))) -> TRUE | BF34: 3 | BG34: =MOD(BF34+BF33,10) -> 8 | BH34: =MOD(BF34+BF33,10) -> 8 | BI34: =IF(BG34=BH34,TRUE,IF(BH34="SKIPPED","SKIPPED",IF(BH34="N/A","BLANK",FALSE))) -> TRUE | BJ34: 3 | BK34: =MOD(BJ34+BJ33,10) -> 5 | BL34: N/A | BM34: =IF(BK34=BL34,TRUE,IF(BL34="SKIPPED","SKIPPED",IF(BL34="N/A","BLANK",FALSE))) -> BLANK | BN34: 6 | BO34: =MOD(BN34+BN33,10) -> 2 | BP34: =MOD(BN34+BN33,10) -> 2 | BQ34: =IF(BO34=BP34,TRUE,IF(BP34="SKIPPED","SKIPPED",IF(BP34="N/A","BLANK",FALSE))) -> TRUE | BR34: 7 | BS34: =MOD(BR34+BR33,10) -> 0 | BT34: =MOD(BR34+BR33,10) -> 0 | BU34: =IF(BS34=BT34,TRUE,IF(BT34="SKIPPED","SKIPPED",IF(BT34="N/A","BLANK",FALSE))) -> TRUE | BV34: 2 | BW34: =MOD(BV34+BV33,10) -> 2 | BX34: 7 | BY34: =IF(BW34=BX34,TRUE,IF(BX34="SKIPPED","SKIPPED",IF(BX34="N/A","BLANK",FALSE))) -> FALSE | BZ34: 2 | CA34: =MOD(BZ34+BZ33,10) -> 7 | CB34: =MOD(BZ34+BZ33,10) -> 7 | CC34: =IF(CA34=CB34,TRUE,IF(CB34="SKIPPED","SKIPPED",IF(CB34="N/A","BLANK",FALSE))) -> TRUE | CD34: 7 | CE34: =MOD(CD34+CD33,10) -> 6 | CF34: =MOD(CD34+CD33,10) -> 6 | CG34: =IF(CE34=CF34,TRUE,IF(CF34="SKIPPED","SKIPPED",IF(CF34="N/A","BLANK",FALSE))) -> TRUE | CH34: 6 | CI34: =MOD(CH34+CH33,10) -> 9 | CJ34: =MOD(CH34+CH33,10) -> 9 | CK34: =IF(CI34=CJ34,TRUE,IF(CJ34="SKIPPED","SKIPPED",IF(CJ34="N/A","BLANK",FALSE))) -> TRUE | CL34: 9 | CM34: =MOD(CL34+CL33,10) -> 8 | CN34: =MOD(CL34+CL33,10) -> 8 | CO34: =IF(CM34=CN34,TRUE,IF(CN34="SKIPPED","SKIPPED",IF(CN34="N/A","BLANK",FALSE))) -> TRUE | CP34: 8 | CQ34: =MOD(CP34+CP33,10) -> 3 | CR34: =MOD(CP34+CP33,10) -> 3 | CS34: =IF(CQ34=CR34,TRUE,IF(CR34="SKIPPED","SKIPPED",IF(CR34="N/A","BLANK",FALSE))) -> TRUE | CT34: 9 | CU34: =MOD(CT34+CT33,10) -> 4 | CV34: =MOD(CT34+CT33,10) -> 4 | CW34: =IF(CU34=CV34,TRUE,IF(CV34="SKIPPED","SKIPPED",IF(CV34="N/A","BLANK",FALSE))) -> TRUE | CX34: 8 | CY34: =MOD(CX34+CX33,10) -> 3 | CZ34: N/A | DA34: =IF(CY34=CZ34,TRUE,IF(CZ34="SKIPPED","SKIPPED",IF(CZ34="N/A","BLANK",FALSE))) -> BLANK | DB34: 8 | DC34: =MOD(DB34+DB33,10) -> 1 | DD34: =MOD(DB34+DB33,10) -> 1 | DE34: =IF(DC34=DD34,TRUE,IF(DD34="SKIPPED","SKIPPED",IF(DD34="N/A","BLANK",FALSE))) -> TRUE | DF34: 3 | DG34: =MOD(DF34+DF33,10) -> 9 | DH34: =MOD(DF34+DF33,10) -> 9 | DI34: =IF(DG34=DH34,TRUE,IF(DH34="SKIPPED","SKIPPED",IF(DH34="N/A","BLANK",FALSE))) -> TRUE | DJ34: 2 | DK34: =MOD(DJ34+DJ33,10) -> 6 | DL34: =MOD(DJ34+DJ33,10) -> 6 | DM34: =IF(DK34=DL34,TRUE,IF(DL34="SKIPPED","SKIPPED",IF(DL34="N/A","BLANK",FALSE))) -> TRUE | DN34: 4 | DO34: =MOD(DN34+DN33,10) -> 2 | DP34: =MOD(DN34+DN33,10) -> 2 | DQ34: =IF(DO34=DP34,TRUE,IF(DP34="SKIPPED","SKIPPED",IF(DP34="N/A","BLANK",FALSE))) -> TRUE | DR34: 3 | DS34: =MOD(DR34+DR33,10) -> 7 | DT34: =MOD(DR34+DR33,10) -> 7 | DU34: =IF(DS34=DT34,TRUE,IF(DT34="SKIPPED","SKIPPED",IF(DT34="N/A","BLANK",FALSE))) -> TRUE | DV34: 8 | DW34: =MOD(DV34+DV33,10) -> 0 | DX34: =MOD(DV34+DV33,10) -> 0 | DY34: =IF(DW34=DX34,TRUE,IF(DX34="SKIPPED","SKIPPED",IF(DX34="N/A","BLANK",FALSE))) -> TRUE | DZ34: 2 | EA34: =MOD(DZ34+DZ33,10) -> 5 | EB34: =MOD(DZ34+DZ33,10) -> 5 | EC34: =IF(EA34=EB34,TRUE,IF(EB34="SKIPPED","SKIPPED",IF(EB34="N/A","BLANK",FALSE))) -> TRUE | ED34: 6 | EE34: =MOD(ED34+ED33,10) -> 8 | EF34: =MOD(ED34+ED33,10) -> 8 | EG34: =IF(EE34=EF34,TRUE,IF(EF34="SKIPPED","SKIPPED",IF(EF34="N/A","BLANK",FALSE))) -> TRUE | EH34: 5 | EI34: =MOD(EH34+EH33,10) -> 1 | EJ34: =MOD(EH34+EH33,10) -> 1 | EK34: =IF(EI34=EJ34,TRUE,IF(EJ34="SKIPPED","SKIPPED",IF(EJ34="N/A","BLANK",FALSE))) -> TRUE | EL34: 3 | EM34: =MOD(EL34+EL33,10) -> 1 | EN34: =MOD(EL34+EL33,10) -> 1 | EO34: =IF(EM34=EN34,TRUE,IF(EN34="SKIPPED","SKIPPED",IF(EN34="N/A","BLANK",FALSE))) -> TRUE | EP34: 2 | EQ34: =MOD(EP34+EP33,10) -> 0 | ER34: =MOD(EP34+EP33,10) -> 0 | ES34: =IF(EQ34=ER34,TRUE,IF(ER34="SKIPPED","SKIPPED",IF(ER34="N/A","BLANK",FALSE))) -> TRUE | ET34: 7 | EU34: =MOD(ET34+ET33,10) -> 4 | EV34: =MOD(ET34+ET33,10) -> 4 | EW34: =IF(EU34=EV34,TRUE,IF(EV34="SKIPPED","SKIPPED",IF(EV34="N/A","BLANK",FALSE))) -> TRUE | EX34: 8 | EY34: =MOD(EX34+EX33,10) -> 3 | EZ34: =MOD(EX34+EX33,10) -> 3 | FA34: =IF(EY34=EZ34,TRUE,IF(EZ34="SKIPPED","SKIPPED",IF(EZ34="N/A","BLANK",FALSE))) -> TRUE | FB34: 5 | FC34: =MOD(FB34+FB33,10) -> 4 | FD34: =MOD(FB34+FB33,10) -> 4 | FE34: =IF(FC34=FD34,TRUE,IF(FD34="SKIPPED","SKIPPED",IF(FD34="N/A","BLANK",FALSE))) -> TRUE
A35: 23 | B35: 8 | C35: =MOD(B35+B34,10) -> 3 | D35: =MOD(B35+B34,10) -> 3 | E35: =IF(C35=D35,TRUE,IF(D35="SKIPPED","SKIPPED",IF(D35="N/A","BLANK",FALSE))) -> TRUE | F35: 2 | G35: =MOD(F35+F34,10) -> 0 | H35: =MOD(F35+F34,10) -> 0 | I35: =IF(G35=H35,TRUE,IF(H35="SKIPPED","SKIPPED",IF(H35="N/A","BLANK",FALSE))) -> TRUE | J35: 3 | K35: =MOD(J35+J34,10) -> 5 | L35: =MOD(J35+J34,10) -> 5 | M35: =IF(K35=L35,TRUE,IF(L35="SKIPPED","SKIPPED",IF(L35="N/A","BLANK",FALSE))) -> TRUE | N35: 6 | O35: =MOD(N35+N34,10) -> 4 | P35: =MOD(N35+N34,10) -> 4 | Q35: =IF(O35=P35,TRUE,IF(P35="SKIPPED","SKIPPED",IF(P35="N/A","BLANK",FALSE))) -> TRUE | R35: 7 | S35: =MOD(R35+R34,10) -> 0 | T35: =MOD(R35+R34,10) -> 0 | U35: =IF(S35=T35,TRUE,IF(T35="SKIPPED","SKIPPED",IF(T35="N/A","BLANK",FALSE))) -> TRUE | V35: 0 | W35: =MOD(V35+V34,10) -> 2 | X35: SKIPPED | Y35: =IF(W35=X35,TRUE,IF(X35="SKIPPED","SKIPPED",IF(X35="N/A","BLANK",FALSE))) -> SKIPPED | Z35: 5 | AA35: =MOD(Z35+Z34,10) -> 2 | AB35: =MOD(Z35+Z34,10) -> 2 | AC35: =IF(AA35=AB35,TRUE,IF(AB35="SKIPPED","SKIPPED",IF(AB35="N/A","BLANK",FALSE))) -> TRUE | AD35: 5 | AE35: =MOD(AD35+AD34,10) -> 9 | AF35: =MOD(AD35+AD34,10) -> 9 | AG35: =IF(AE35=AF35,TRUE,IF(AF35="SKIPPED","SKIPPED",IF(AF35="N/A","BLANK",FALSE))) -> TRUE | AH35: 5 | AI35: =MOD(AH35+AH34,10) -> 9 | AJ35: =MOD(AH35+AH34,10) -> 9 | AK35: =IF(AI35=AJ35,TRUE,IF(AJ35="SKIPPED","SKIPPED",IF(AJ35="N/A","BLANK",FALSE))) -> TRUE | AL35: 4 | AM35: =MOD(AL35+AL34,10) -> 7 | AN35: =MOD(AL35+AL34,10) -> 7 | AO35: =IF(AM35=AN35,TRUE,IF(AN35="SKIPPED","SKIPPED",IF(AN35="N/A","BLANK",FALSE))) -> TRUE | AP35: 2 | AQ35: =MOD(AP35+AP34,10) -> 5 | AR35: =MOD(AP35+AP34,10) -> 5 | AS35: =IF(AQ35=AR35,TRUE,IF(AR35="SKIPPED","SKIPPED",IF(AR35="N/A","BLANK",FALSE))) -> TRUE | AT35: 9 | AU35: =MOD(AT35+AT34,10) -> 2 | AV35: 0 | AW35: =IF(AU35=AV35,TRUE,IF(AV35="SKIPPED","SKIPPED",IF(AV35="N/A","BLANK",FALSE))) -> FALSE | AX35: 2 | AY35: =MOD(AX35+AX34,10) -> 6 | AZ35: =MOD(AX35+AX34,10) -> 6 | BA35: =IF(AY35=AZ35,TRUE,IF(AZ35="SKIPPED","SKIPPED",IF(AZ35="N/A","BLANK",FALSE))) -> TRUE | BB35: 7 | BC35: =MOD(BB35+BB34,10) -> 3 | BD35: =MOD(BB35+BB34,10) -> 3 | BE35: =IF(BC35=BD35,TRUE,IF(BD35="SKIPPED","SKIPPED",IF(BD35="N/A","BLANK",FALSE))) -> TRUE | BF35: 6 | BG35: =MOD(BF35+BF34,10) -> 9 | BH35: =MOD(BF35+BF34,10) -> 9 | BI35: =IF(BG35=BH35,TRUE,IF(BH35="SKIPPED","SKIPPED",IF(BH35="N/A","BLANK",FALSE))) -> TRUE | BJ35: 6 | BK35: =MOD(BJ35+BJ34,10) -> 9 | BL35: =MOD(BJ35+BJ34,10) -> 9 | BM35: =IF(BK35=BL35,TRUE,IF(BL35="SKIPPED","SKIPPED",IF(BL35="N/A","BLANK",FALSE))) -> TRUE | BN35: 9 | BO35: =MOD(BN35+BN34,10) -> 5 | BP35: =MOD(BN35+BN34,10) -> 5 | BQ35: =IF(BO35=BP35,TRUE,IF(BP35="SKIPPED","SKIPPED",IF(BP35="N/A","BLANK",FALSE))) -> TRUE | BR35: 8 | BS35: =MOD(BR35+BR34,10) -> 5 | BT35: =MOD(BR35+BR34,10) -> 5 | BU35: =IF(BS35=BT35,TRUE,IF(BT35="SKIPPED","SKIPPED",IF(BT35="N/A","BLANK",FALSE))) -> TRUE | BV35: 9 | BW35: =MOD(BV35+BV34,10) -> 1 | BX35: =MOD(BV35+BV34,10) -> 1 | BY35: =IF(BW35=BX35,TRUE,IF(BX35="SKIPPED","SKIPPED",IF(BX35="N/A","BLANK",FALSE))) -> TRUE | BZ35: 4 | CA35: =MOD(BZ35+BZ34,10) -> 6 | CB35: =MOD(BZ35+BZ34,10) -> 6 | CC35: =IF(CA35=CB35,TRUE,IF(CB35="SKIPPED","SKIPPED",IF(CB35="N/A","BLANK",FALSE))) -> TRUE | CD35: 4 | CE35: =MOD(CD35+CD34,10) -> 1 | CF35: =MOD(CD35+CD34,10) -> 1 | CG35: =IF(CE35=CF35,TRUE,IF(CF35="SKIPPED","SKIPPED",IF(CF35="N/A","BLANK",FALSE))) -> TRUE | CH35: 4 | CI35: =MOD(CH35+CH34,10) -> 0 | CJ35: =MOD(CH35+CH34,10) -> 0 | CK35: =IF(CI35=CJ35,TRUE,IF(CJ35="SKIPPED","SKIPPED",IF(CJ35="N/A","BLANK",FALSE))) -> TRUE | CL35: 2 | CM35: =MOD(CL35+CL34,10) -> 1 | CN35: =MOD(CL35+CL34,10) -> 1 | CO35: =IF(CM35=CN35,TRUE,IF(CN35="SKIPPED","SKIPPED",IF(CN35="N/A","BLANK",FALSE))) -> TRUE | CP35: 4 | CQ35: =MOD(CP35+CP34,10) -> 2 | CR35: =MOD(CP35+CP34,10) -> 2 | CS35: =IF(CQ35=CR35,TRUE,IF(CR35="SKIPPED","SKIPPED",IF(CR35="N/A","BLANK",FALSE))) -> TRUE | CT35: 4 | CU35: =MOD(CT35+CT34,10) -> 3 | CV35: =MOD(CT35+CT34,10) -> 3 | CW35: =IF(CU35=CV35,TRUE,IF(CV35="SKIPPED","SKIPPED",IF(CV35="N/A","BLANK",FALSE))) -> TRUE | CX35: 6 | CY35: =MOD(CX35+CX34,10) -> 4 | CZ35: N/A | DA35: =IF(CY35=CZ35,TRUE,IF(CZ35="SKIPPED","SKIPPED",IF(CZ35="N/A","BLANK",FALSE))) -> BLANK | DB35: 4 | DC35: =MOD(DB35+DB34,10) -> 2 | DD35: =MOD(DB35+DB34,10) -> 2 | DE35: =IF(DC35=DD35,TRUE,IF(DD35="SKIPPED","SKIPPED",IF(DD35="N/A","BLANK",FALSE))) -> TRUE | DF35: 4 | DG35: =MOD(DF35+DF34,10) -> 7 | DH35: =MOD(DF35+DF34,10) -> 7 | DI35: =IF(DG35=DH35,TRUE,IF(DH35="SKIPPED","SKIPPED",IF(DH35="N/A","BLANK",FALSE))) -> TRUE | DJ35: 5 | DK35: =MOD(DJ35+DJ34,10) -> 7 | DL35: =MOD(DJ35+DJ34,10) -> 7 | DM35: =IF(DK35=DL35,TRUE,IF(DL35="SKIPPED","SKIPPED",IF(DL35="N/A","BLANK",FALSE))) -> TRUE | DN35: 6 | DO35: =MOD(DN35+DN34,10) -> 0 | DP35: =MOD(DN35+DN34,10) -> 0 | DQ35: =IF(DO35=DP35,TRUE,IF(DP35="SKIPPED","SKIPPED",IF(DP35="N/A","BLANK",FALSE))) -> TRUE | DR35: 9 | DS35: =MOD(DR35+DR34,10) -> 2 | DT35: =MOD(DR35+DR34,10) -> 2 | DU35: =IF(DS35=DT35,TRUE,IF(DT35="SKIPPED","SKIPPED",IF(DT35="N/A","BLANK",FALSE))) -> TRUE | DV35: 6 | DW35: =MOD(DV35+DV34,10) -> 4 | DX35: =MOD(DV35+DV34,10) -> 4 | DY35: =IF(DW35=DX35,TRUE,IF(DX35="SKIPPED","SKIPPED",IF(DX35="N/A","BLANK",FALSE))) -> TRUE | DZ35: 7 | EA35: =MOD(DZ35+DZ34,10) -> 9 | EB35: =MOD(DZ35+DZ34,10) -> 9 | EC35: =IF(EA35=EB35,TRUE,IF(EB35="SKIPPED","SKIPPED",IF(EB35="N/A","BLANK",FALSE))) -> TRUE | ED35: 4 | EE35: =MOD(ED35+ED34,10) -> 0 | EF35: =MOD(ED35+ED34,10) -> 0 | EG35: =IF(EE35=EF35,TRUE,IF(EF35="SKIPPED","SKIPPED",IF(EF35="N/A","BLANK",FALSE))) -> TRUE | EH35: 4 | EI35: =MOD(EH35+EH34,10) -> 9 | EJ35: =MOD(EH35+EH34,10) -> 9 | EK35: =IF(EI35=EJ35,TRUE,IF(EJ35="SKIPPED","SKIPPED",IF(EJ35="N/A","BLANK",FALSE))) -> TRUE | EL35: 4 | EM35: =MOD(EL35+EL34,10) -> 7 | EN35: =MOD(EL35+EL34,10) -> 7 | EO35: =IF(EM35=EN35,TRUE,IF(EN35="SKIPPED","SKIPPED",IF(EN35="N/A","BLANK",FALSE))) -> TRUE | EP35: 7 | EQ35: =MOD(EP35+EP34,10) -> 9 | ER35: =MOD(EP35+EP34,10) -> 9 | ES35: =IF(EQ35=ER35,TRUE,IF(ER35="SKIPPED","SKIPPED",IF(ER35="N/A","BLANK",FALSE))) -> TRUE | ET35: 5 | EU35: =MOD(ET35+ET34,10) -> 2 | EV35: =MOD(ET35+ET34,10) -> 2 | EW35: =IF(EU35=EV35,TRUE,IF(EV35="SKIPPED","SKIPPED",IF(EV35="N/A","BLANK",FALSE))) -> TRUE | EX35: 3 | EY35: =MOD(EX35+EX34,10) -> 1 | EZ35: =MOD(EX35+EX34,10) -> 1 | FA35: =IF(EY35=EZ35,TRUE,IF(EZ35="SKIPPED","SKIPPED",IF(EZ35="N/A","BLANK",FALSE))) -> TRUE | FB35: 2 | FC35: =MOD(FB35+FB34,10) -> 7 | FD35: =MOD(FB35+FB34,10) -> 7 | FE35: =IF(FC35=FD35,TRUE,IF(FD35="SKIPPED","SKIPPED",IF(FD35="N/A","BLANK",FALSE))) -> TRUE
A36: 22 | B36: 6 | C36: =MOD(B36+B35,10) -> 4 | D36: =MOD(B36+B35,10) -> 4 | E36: =IF(C36=D36,TRUE,IF(D36="SKIPPED","SKIPPED",IF(D36="N/A","BLANK",FALSE))) -> TRUE | F36: 4 | G36: =MOD(F36+F35,10) -> 6 | H36: =MOD(F36+F35,10) -> 6 | I36: =IF(G36=H36,TRUE,IF(H36="SKIPPED","SKIPPED",IF(H36="N/A","BLANK",FALSE))) -> TRUE | J36: 4 | K36: =MOD(J36+J35,10) -> 7 | L36: =MOD(J36+J35,10) -> 7 | M36: =IF(K36=L36,TRUE,IF(L36="SKIPPED","SKIPPED",IF(L36="N/A","BLANK",FALSE))) -> TRUE | N36: 7 | O36: =MOD(N36+N35,10) -> 3 | P36: =MOD(N36+N35,10) -> 3 | Q36: =IF(O36=P36,TRUE,IF(P36="SKIPPED","SKIPPED",IF(P36="N/A","BLANK",FALSE))) -> TRUE | R36: 8 | S36: =MOD(R36+R35,10) -> 5 | T36: =MOD(R36+R35,10) -> 5 | U36: =IF(S36=T36,TRUE,IF(T36="SKIPPED","SKIPPED",IF(T36="N/A","BLANK",FALSE))) -> TRUE | V36: 2 | W36: =MOD(V36+V35,10) -> 2 | X36: =MOD(V36+V35,10) -> 2 | Y36: =IF(W36=X36,TRUE,IF(X36="SKIPPED","SKIPPED",IF(X36="N/A","BLANK",FALSE))) -> TRUE | Z36: 3 | AA36: =MOD(Z36+Z35,10) -> 8 | AB36: =MOD(Z36+Z35,10) -> 8 | AC36: =IF(AA36=AB36,TRUE,IF(AB36="SKIPPED","SKIPPED",IF(AB36="N/A","BLANK",FALSE))) -> TRUE | AD36: 7 | AE36: =MOD(AD36+AD35,10) -> 2 | AF36: =MOD(AD36+AD35,10) -> 2 | AG36: =IF(AE36=AF36,TRUE,IF(AF36="SKIPPED","SKIPPED",IF(AF36="N/A","BLANK",FALSE))) -> TRUE | AH36: 3 | AI36: =MOD(AH36+AH35,10) -> 8 | AJ36: =MOD(AH36+AH35,10) -> 8 | AK36: =IF(AI36=AJ36,TRUE,IF(AJ36="SKIPPED","SKIPPED",IF(AJ36="N/A","BLANK",FALSE))) -> TRUE | AL36: 8 | AM36: =MOD(AL36+AL35,10) -> 2 | AN36: =MOD(AL36+AL35,10) -> 2 | AO36: =IF(AM36=AN36,TRUE,IF(AN36="SKIPPED","SKIPPED",IF(AN36="N/A","BLANK",FALSE))) -> TRUE | AP36: 6 | AQ36: =MOD(AP36+AP35,10) -> 8 | AR36: =MOD(AP36+AP35,10) -> 8 | AS36: =IF(AQ36=AR36,TRUE,IF(AR36="SKIPPED","SKIPPED",IF(AR36="N/A","BLANK",FALSE))) -> TRUE | AT36: 9 | AU36: =MOD(AT36+AT35,10) -> 8 | AV36: =MOD(AT36+AT35,10) -> 8 | AW36: =IF(AU36=AV36,TRUE,IF(AV36="SKIPPED","SKIPPED",IF(AV36="N/A","BLANK",FALSE))) -> TRUE | AX36: 6 | AY36: =MOD(AX36+AX35,10) -> 8 | AZ36: =MOD(AX36+AX35,10) -> 8 | BA36: =IF(AY36=AZ36,TRUE,IF(AZ36="SKIPPED","SKIPPED",IF(AZ36="N/A","BLANK",FALSE))) -> TRUE | BB36: 3 | BC36: =MOD(BB36+BB35,10) -> 0 | BD36: =MOD(BB36+BB35,10) -> 0 | BE36: =IF(BC36=BD36,TRUE,IF(BD36="SKIPPED","SKIPPED",IF(BD36="N/A","BLANK",FALSE))) -> TRUE | BF36: 8 | BG36: =MOD(BF36+BF35,10) -> 4 | BH36: =MOD(BF36+BF35,10) -> 4 | BI36: =IF(BG36=BH36,TRUE,IF(BH36="SKIPPED","SKIPPED",IF(BH36="N/A","BLANK",FALSE))) -> TRUE | BJ36: 8 | BK36: =MOD(BJ36+BJ35,10) -> 4 | BL36: =MOD(BJ36+BJ35,10) -> 4 | BM36: =IF(BK36=BL36,TRUE,IF(BL36="SKIPPED","SKIPPED",IF(BL36="N/A","BLANK",FALSE))) -> TRUE | BN36: 5 | BO36: =MOD(BN36+BN35,10) -> 4 | BP36: =MOD(BN36+BN35,10) -> 4 | BQ36: =IF(BO36=BP36,TRUE,IF(BP36="SKIPPED","SKIPPED",IF(BP36="N/A","BLANK",FALSE))) -> TRUE | BR36: 8 | BS36: =MOD(BR36+BR35,10) -> 6 | BT36: =MOD(BR36+BR35,10) -> 6 | BU36: =IF(BS36=BT36,TRUE,IF(BT36="SKIPPED","SKIPPED",IF(BT36="N/A","BLANK",FALSE))) -> TRUE | BV36: 9 | BW36: =MOD(BV36+BV35,10) -> 8 | BX36: =MOD(BV36+BV35,10) -> 8 | BY36: =IF(BW36=BX36,TRUE,IF(BX36="SKIPPED","SKIPPED",IF(BX36="N/A","BLANK",FALSE))) -> TRUE | BZ36: 5 | CA36: =MOD(BZ36+BZ35,10) -> 9 | CB36: =MOD(BZ36+BZ35,10) -> 9 | CC36: =IF(CA36=CB36,TRUE,IF(CB36="SKIPPED","SKIPPED",IF(CB36="N/A","BLANK",FALSE))) -> TRUE | CD36: 6 | CE36: =MOD(CD36+CD35,10) -> 0 | CF36: =MOD(CD36+CD35,10) -> 0 | CG36: =IF(CE36=CF36,TRUE,IF(CF36="SKIPPED","SKIPPED",IF(CF36="N/A","BLANK",FALSE))) -> TRUE | CH36: 2 | CI36: =MOD(CH36+CH35,10) -> 6 | CJ36: =MOD(CH36+CH35,10) -> 6 | CK36: =IF(CI36=CJ36,TRUE,IF(CJ36="SKIPPED","SKIPPED",IF(CJ36="N/A","BLANK",FALSE))) -> TRUE | CL36: 8 | CM36: =MOD(CL36+CL35,10) -> 0 | CN36: =MOD(CL36+CL35,10) -> 0 | CO36: =IF(CM36=CN36,TRUE,IF(CN36="SKIPPED","SKIPPED",IF(CN36="N/A","BLANK",FALSE))) -> TRUE | CP36: 3 | CQ36: =MOD(CP36+CP35,10) -> 7 | CR36: =MOD(CP36+CP35,10) -> 7 | CS36: =IF(CQ36=CR36,TRUE,IF(CR36="SKIPPED","SKIPPED",IF(CR36="N/A","BLANK",FALSE))) -> TRUE | CT36: 6 | CU36: =MOD(CT36+CT35,10) -> 0 | CV36: =MOD(CT36+CT35,10) -> 0 | CW36: =IF(CU36=CV36,TRUE,IF(CV36="SKIPPED","SKIPPED",IF(CV36="N/A","BLANK",FALSE))) -> TRUE | CX36: 6 | CY36: =MOD(CX36+CX35,10) -> 2 | CZ36: N/A | DA36: =IF(CY36=CZ36,TRUE,IF(CZ36="SKIPPED","SKIPPED",IF(CZ36="N/A","BLANK",FALSE))) -> BLANK | DB36: 6 | DC36: =MOD(DB36+DB35,10) -> 0 | DD36: =MOD(DB36+DB35,10) -> 0 | DE36: =IF(DC36=DD36,TRUE,IF(DD36="SKIPPED","SKIPPED",IF(DD36="N/A","BLANK",FALSE))) -> TRUE | DF36: 8 | DG36: =MOD(DF36+DF35,10) -> 2 | DH36: =MOD(DF36+DF35,10) -> 2 | DI36: =IF(DG36=DH36,TRUE,IF(DH36="SKIPPED","SKIPPED",IF(DH36="N/A","BLANK",FALSE))) -> TRUE | DJ36: 9 | DK36: =MOD(DJ36+DJ35,10) -> 4 | DL36: =MOD(DJ36+DJ35,10) -> 4 | DM36: =IF(DK36=DL36,TRUE,IF(DL36="SKIPPED","SKIPPED",IF(DL36="N/A","BLANK",FALSE))) -> TRUE | DN36: 5 | DO36: =MOD(DN36+DN35,10) -> 1 | DP36: =MOD(DN36+DN35,10) -> 1 | DQ36: =IF(DO36=DP36,TRUE,IF(DP36="SKIPPED","SKIPPED",IF(DP36="N/A","BLANK",FALSE))) -> TRUE | DR36: 3 | DS36: =MOD(DR36+DR35,10) -> 2 | DT36: =MOD(DR36+DR35,10) -> 2 | DU36: =IF(DS36=DT36,TRUE,IF(DT36="SKIPPED","SKIPPED",IF(DT36="N/A","BLANK",FALSE))) -> TRUE | DV36: 3 | DW36: =MOD(DV36+DV35,10) -> 9 | DX36: =MOD(DV36+DV35,10) -> 9 | DY36: =IF(DW36=DX36,TRUE,IF(DX36="SKIPPED","SKIPPED",IF(DX36="N/A","BLANK",FALSE))) -> TRUE | DZ36: 7 | EA36: =MOD(DZ36+DZ35,10) -> 4 | EB36: =MOD(DZ36+DZ35,10) -> 4 | EC36: =IF(EA36=EB36,TRUE,IF(EB36="SKIPPED","SKIPPED",IF(EB36="N/A","BLANK",FALSE))) -> TRUE | ED36: 8 | EE36: =MOD(ED36+ED35,10) -> 2 | EF36: =MOD(ED36+ED35,10) -> 2 | EG36: =IF(EE36=EF36,TRUE,IF(EF36="SKIPPED","SKIPPED",IF(EF36="N/A","BLANK",FALSE))) -> TRUE | EH36: 6 | EI36: =MOD(EH36+EH35,10) -> 0 | EJ36: =MOD(EH36+EH35,10) -> 0 | EK36: =IF(EI36=EJ36,TRUE,IF(EJ36="SKIPPED","SKIPPED",IF(EJ36="N/A","BLANK",FALSE))) -> TRUE | EL36: 8 | EM36: =MOD(EL36+EL35,10) -> 2 | EN36: =MOD(EL36+EL35,10) -> 2 | EO36: =IF(EM36=EN36,TRUE,IF(EN36="SKIPPED","SKIPPED",IF(EN36="N/A","BLANK",FALSE))) -> TRUE | EP36: 7 | EQ36: =MOD(EP36+EP35,10) -> 4 | ER36: =MOD(EP36+EP35,10) -> 4 | ES36: =IF(EQ36=ER36,TRUE,IF(ER36="SKIPPED","SKIPPED",IF(ER36="N/A","BLANK",FALSE))) -> TRUE | ET36: 3 | EU36: =MOD(ET36+ET35,10) -> 8 | EV36: =MOD(ET36+ET35,10) -> 8 | EW36: =IF(EU36=EV36,TRUE,IF(EV36="SKIPPED","SKIPPED",IF(EV36="N/A","BLANK",FALSE))) -> TRUE | EX36: 3 | EY36: =MOD(EX36+EX35,10) -> 6 | EZ36: =MOD(EX36+EX35,10) -> 6 | FA36: =IF(EY36=EZ36,TRUE,IF(EZ36="SKIPPED","SKIPPED",IF(EZ36="N/A","BLANK",FALSE))) -> TRUE | FB36: 6 | FC36: =MOD(FB36+FB35,10) -> 8 | FD36: =MOD(FB36+FB35,10) -> 8 | FE36: =IF(FC36=FD36,TRUE,IF(FD36="SKIPPED","SKIPPED",IF(FD36="N/A","BLANK",FALSE))) -> TRUE
A37: 21 | B37: 2 | C37: =MOD(B37+B36,10) -> 8 | D37: =MOD(B37+B36,10) -> 8 | E37: =IF(C37=D37,TRUE,IF(D37="SKIPPED","SKIPPED",IF(D37="N/A","BLANK",FALSE))) -> TRUE | F37: 9 | G37: =MOD(F37+F36,10) -> 3 | H37: =MOD(F37+F36,10) -> 3 | I37: =IF(G37=H37,TRUE,IF(H37="SKIPPED","SKIPPED",IF(H37="N/A","BLANK",FALSE))) -> TRUE | J37: 7 | K37: =MOD(J37+J36,10) -> 1 | L37: =MOD(J37+J36,10) -> 1 | M37: =IF(K37=L37,TRUE,IF(L37="SKIPPED","SKIPPED",IF(L37="N/A","BLANK",FALSE))) -> TRUE | N37: 2 | O37: =MOD(N37+N36,10) -> 9 | P37: =MOD(N37+N36,10) -> 9 | Q37: =IF(O37=P37,TRUE,IF(P37="SKIPPED","SKIPPED",IF(P37="N/A","BLANK",FALSE))) -> TRUE | R37: 2 | S37: =MOD(R37+R36,10) -> 0 | T37: =MOD(R37+R36,10) -> 0 | U37: =IF(S37=T37,TRUE,IF(T37="SKIPPED","SKIPPED",IF(T37="N/A","BLANK",FALSE))) -> TRUE | V37: 3 | W37: =MOD(V37+V36,10) -> 5 | X37: =MOD(V37+V36,10) -> 5 | Y37: =IF(W37=X37,TRUE,IF(X37="SKIPPED","SKIPPED",IF(X37="N/A","BLANK",FALSE))) -> TRUE | Z37: 3 | AA37: =MOD(Z37+Z36,10) -> 6 | AB37: =MOD(Z37+Z36,10) -> 6 | AC37: =IF(AA37=AB37,TRUE,IF(AB37="SKIPPED","SKIPPED",IF(AB37="N/A","BLANK",FALSE))) -> TRUE | AD37: 4 | AE37: =MOD(AD37+AD36,10) -> 1 | AF37: =MOD(AD37+AD36,10) -> 1 | AG37: =IF(AE37=AF37,TRUE,IF(AF37="SKIPPED","SKIPPED",IF(AF37="N/A","BLANK",FALSE))) -> TRUE | AH37: 2 | AI37: =MOD(AH37+AH36,10) -> 5 | AJ37: =MOD(AH37+AH36,10) -> 5 | AK37: =IF(AI37=AJ37,TRUE,IF(AJ37="SKIPPED","SKIPPED",IF(AJ37="N/A","BLANK",FALSE))) -> TRUE | AL37: 8 | AM37: =MOD(AL37+AL36,10) -> 6 | AN37: =MOD(AL37+AL36,10) -> 6 | AO37: =IF(AM37=AN37,TRUE,IF(AN37="SKIPPED","SKIPPED",IF(AN37="N/A","BLANK",FALSE))) -> TRUE | AP37: 7 | AQ37: =MOD(AP37+AP36,10) -> 3 | AR37: =MOD(AP37+AP36,10) -> 3 | AS37: =IF(AQ37=AR37,TRUE,IF(AR37="SKIPPED","SKIPPED",IF(AR37="N/A","BLANK",FALSE))) -> TRUE | AT37: 6 | AU37: =MOD(AT37+AT36,10) -> 5 | AV37: =MOD(AT37+AT36,10) -> 5 | AW37: =IF(AU37=AV37,TRUE,IF(AV37="SKIPPED","SKIPPED",IF(AV37="N/A","BLANK",FALSE))) -> TRUE | AX37: 7 | AY37: =MOD(AX37+AX36,10) -> 3 | AZ37: 2 | BA37: =IF(AY37=AZ37,TRUE,IF(AZ37="SKIPPED","SKIPPED",IF(AZ37="N/A","BLANK",FALSE))) -> FALSE | BB37: 3 | BC37: =MOD(BB37+BB36,10) -> 6 | BD37: =MOD(BB37+BB36,10) -> 6 | BE37: =IF(BC37=BD37,TRUE,IF(BD37="SKIPPED","SKIPPED",IF(BD37="N/A","BLANK",FALSE))) -> TRUE | BF37: 1 | BG37: =MOD(BF37+BF36,10) -> 9 | BH37: =MOD(BF37+BF36,10) -> 9 | BI37: =IF(BG37=BH37,TRUE,IF(BH37="SKIPPED","SKIPPED",IF(BH37="N/A","BLANK",FALSE))) -> TRUE | BJ37: 2 | BK37: =MOD(BJ37+BJ36,10) -> 0 | BL37: =MOD(BJ37+BJ36,10) -> 0 | BM37: =IF(BK37=BL37,TRUE,IF(BL37="SKIPPED","SKIPPED",IF(BL37="N/A","BLANK",FALSE))) -> TRUE | BN37: 3 | BO37: =MOD(BN37+BN36,10) -> 8 | BP37: 0 | BQ37: =IF(BO37=BP37,TRUE,IF(BP37="SKIPPED","SKIPPED",IF(BP37="N/A","BLANK",FALSE))) -> FALSE | BR37: 9 | BS37: =MOD(BR37+BR36,10) -> 7 | BT37: =MOD(BR37+BR36,10) -> 7 | BU37: =IF(BS37=BT37,TRUE,IF(BT37="SKIPPED","SKIPPED",IF(BT37="N/A","BLANK",FALSE))) -> TRUE | BV37: 5 | BW37: =MOD(BV37+BV36,10) -> 4 | BX37: =MOD(BV37+BV36,10) -> 4 | BY37: =IF(BW37=BX37,TRUE,IF(BX37="SKIPPED","SKIPPED",IF(BX37="N/A","BLANK",FALSE))) -> TRUE | BZ37: 6 | CA37: =MOD(BZ37+BZ36,10) -> 1 | CB37: =MOD(BZ37+BZ36,10) -> 1 | CC37: =IF(CA37=CB37,TRUE,IF(CB37="SKIPPED","SKIPPED",IF(CB37="N/A","BLANK",FALSE))) -> TRUE | CD37: 8 | CE37: =MOD(CD37+CD36,10) -> 4 | CF37: =MOD(CD37+CD36,10) -> 4 | CG37: =IF(CE37=CF37,TRUE,IF(CF37="SKIPPED","SKIPPED",IF(CF37="N/A","BLANK",FALSE))) -> TRUE | CH37: 7 | CI37: =MOD(CH37+CH36,10) -> 9 | CJ37: =MOD(CH37+CH36,10) -> 9 | CK37: =IF(CI37=CJ37,TRUE,IF(CJ37="SKIPPED","SKIPPED",IF(CJ37="N/A","BLANK",FALSE))) -> TRUE | CL37: 7 | CM37: =MOD(CL37+CL36,10) -> 5 | CN37: =MOD(CL37+CL36,10) -> 5 | CO37: =IF(CM37=CN37,TRUE,IF(CN37="SKIPPED","SKIPPED",IF(CN37="N/A","BLANK",FALSE))) -> TRUE | CP37: 8 | CQ37: =MOD(CP37+CP36,10) -> 1 | CR37: =MOD(CP37+CP36,10) -> 1 | CS37: =IF(CQ37=CR37,TRUE,IF(CR37="SKIPPED","SKIPPED",IF(CR37="N/A","BLANK",FALSE))) -> TRUE | CT37: 8 | CU37: =MOD(CT37+CT36,10) -> 4 | CV37: 2 | CW37: =IF(CU37=CV37,TRUE,IF(CV37="SKIPPED","SKIPPED",IF(CV37="N/A","BLANK",FALSE))) -> FALSE | CX37: 7 | CY37: =MOD(CX37+CX36,10) -> 3 | CZ37: N/A | DA37: =IF(CY37=CZ37,TRUE,IF(CZ37="SKIPPED","SKIPPED",IF(CZ37="N/A","BLANK",FALSE))) -> BLANK | DB37: 8 | DC37: =MOD(DB37+DB36,10) -> 4 | DD37: =MOD(DB37+DB36,10) -> 4 | DE37: =IF(DC37=DD37,TRUE,IF(DD37="SKIPPED","SKIPPED",IF(DD37="N/A","BLANK",FALSE))) -> TRUE | DF37: 1 | DG37: =MOD(DF37+DF36,10) -> 9 | DH37: =MOD(DF37+DF36,10) -> 9 | DI37: =IF(DG37=DH37,TRUE,IF(DH37="SKIPPED","SKIPPED",IF(DH37="N/A","BLANK",FALSE))) -> TRUE | DJ37: 7 | DK37: =MOD(DJ37+DJ36,10) -> 6 | DL37: =MOD(DJ37+DJ36,10) -> 6 | DM37: =IF(DK37=DL37,TRUE,IF(DL37="SKIPPED","SKIPPED",IF(DL37="N/A","BLANK",FALSE))) -> TRUE | DN37: 5 | DO37: =MOD(DN37+DN36,10) -> 0 | DP37: =MOD(DN37+DN36,10) -> 0 | DQ37: =IF(DO37=DP37,TRUE,IF(DP37="SKIPPED","SKIPPED",IF(DP37="N/A","BLANK",FALSE))) -> TRUE | DR37: 5 | DS37: =MOD(DR37+DR36,10) -> 8 | DT37: =MOD(DR37+DR36,10) -> 8 | DU37: =IF(DS37=DT37,TRUE,IF(DT37="SKIPPED","SKIPPED",IF(DT37="N/A","BLANK",FALSE))) -> TRUE | DV37: 8 | DW37: =MOD(DV37+DV36,10) -> 1 | DX37: =MOD(DV37+DV36,10) -> 1 | DY37: =IF(DW37=DX37,TRUE,IF(DX37="SKIPPED","SKIPPED",IF(DX37="N/A","BLANK",FALSE))) -> TRUE | DZ37: 8 | EA37: =MOD(DZ37+DZ36,10) -> 5 | EB37: =MOD(DZ37+DZ36,10) -> 5 | EC37: =IF(EA37=EB37,TRUE,IF(EB37="SKIPPED","SKIPPED",IF(EB37="N/A","BLANK",FALSE))) -> TRUE | ED37: 2 | EE37: =MOD(ED37+ED36,10) -> 0 | EF37: =MOD(ED37+ED36,10) -> 0 | EG37: =IF(EE37=EF37,TRUE,IF(EF37="SKIPPED","SKIPPED",IF(EF37="N/A","BLANK",FALSE))) -> TRUE | EH37: 9 | EI37: =MOD(EH37+EH36,10) -> 5 | EJ37: =MOD(EH37+EH36,10) -> 5 | EK37: =IF(EI37=EJ37,TRUE,IF(EJ37="SKIPPED","SKIPPED",IF(EJ37="N/A","BLANK",FALSE))) -> TRUE | EL37: 9 | EM37: =MOD(EL37+EL36,10) -> 7 | EN37: =MOD(EL37+EL36,10) -> 7 | EO37: =IF(EM37=EN37,TRUE,IF(EN37="SKIPPED","SKIPPED",IF(EN37="N/A","BLANK",FALSE))) -> TRUE | EP37: 8 | EQ37: =MOD(EP37+EP36,10) -> 5 | ER37: =MOD(EP37+EP36,10) -> 5 | ES37: =IF(EQ37=ER37,TRUE,IF(ER37="SKIPPED","SKIPPED",IF(ER37="N/A","BLANK",FALSE))) -> TRUE | ET37: 6 | EU37: =MOD(ET37+ET36,10) -> 9 | EV37: =MOD(ET37+ET36,10) -> 9 | EW37: =IF(EU37=EV37,TRUE,IF(EV37="SKIPPED","SKIPPED",IF(EV37="N/A","BLANK",FALSE))) -> TRUE | EX37: 5 | EY37: =MOD(EX37+EX36,10) -> 8 | EZ37: =MOD(EX37+EX36,10) -> 8 | FA37: =IF(EY37=EZ37,TRUE,IF(EZ37="SKIPPED","SKIPPED",IF(EZ37="N/A","BLANK",FALSE))) -> TRUE | FB37: 8 | FC37: =MOD(FB37+FB36,10) -> 4 | FD37: =MOD(FB37+FB36,10) -> 4 | FE37: =IF(FC37=FD37,TRUE,IF(FD37="SKIPPED","SKIPPED",IF(FD37="N/A","BLANK",FALSE))) -> TRUE
A38: 20 | B38: 2 | C38: =MOD(B38+B37,10) -> 4 | D38: =MOD(B38+B37,10) -> 4 | E38: =IF(C38=D38,TRUE,IF(D38="SKIPPED","SKIPPED",IF(D38="N/A","BLANK",FALSE))) -> TRUE | F38: 7 | G38: =MOD(F38+F37,10) -> 6 | H38: =MOD(F38+F37,10) -> 6 | I38: =IF(G38=H38,TRUE,IF(H38="SKIPPED","SKIPPED",IF(H38="N/A","BLANK",FALSE))) -> TRUE | J38: 6 | K38: =MOD(J38+J37,10) -> 3 | L38: =MOD(J38+J37,10) -> 3 | M38: =IF(K38=L38,TRUE,IF(L38="SKIPPED","SKIPPED",IF(L38="N/A","BLANK",FALSE))) -> TRUE | N38: 5 | O38: =MOD(N38+N37,10) -> 7 | P38: =MOD(N38+N37,10) -> 7 | Q38: =IF(O38=P38,TRUE,IF(P38="SKIPPED","SKIPPED",IF(P38="N/A","BLANK",FALSE))) -> TRUE | R38: 2 | S38: =MOD(R38+R37,10) -> 4 | T38: =MOD(R38+R37,10) -> 4 | U38: =IF(S38=T38,TRUE,IF(T38="SKIPPED","SKIPPED",IF(T38="N/A","BLANK",FALSE))) -> TRUE | V38: 9 | W38: =MOD(V38+V37,10) -> 2 | X38: =MOD(V38+V37,10) -> 2 | Y38: =IF(W38=X38,TRUE,IF(X38="SKIPPED","SKIPPED",IF(X38="N/A","BLANK",FALSE))) -> TRUE | Z38: 8 | AA38: =MOD(Z38+Z37,10) -> 1 | AB38: =MOD(Z38+Z37,10) -> 1 | AC38: =IF(AA38=AB38,TRUE,IF(AB38="SKIPPED","SKIPPED",IF(AB38="N/A","BLANK",FALSE))) -> TRUE | AD38: 8 | AE38: =MOD(AD38+AD37,10) -> 2 | AF38: =MOD(AD38+AD37,10) -> 2 | AG38: =IF(AE38=AF38,TRUE,IF(AF38="SKIPPED","SKIPPED",IF(AF38="N/A","BLANK",FALSE))) -> TRUE | AH38: 6 | AI38: =MOD(AH38+AH37,10) -> 8 | AJ38: =MOD(AH38+AH37,10) -> 8 | AK38: =IF(AI38=AJ38,TRUE,IF(AJ38="SKIPPED","SKIPPED",IF(AJ38="N/A","BLANK",FALSE))) -> TRUE | AL38: 9 | AM38: =MOD(AL38+AL37,10) -> 7 | AN38: =MOD(AL38+AL37,10) -> 7 | AO38: =IF(AM38=AN38,TRUE,IF(AN38="SKIPPED","SKIPPED",IF(AN38="N/A","BLANK",FALSE))) -> TRUE | AP38: 9 | AQ38: =MOD(AP38+AP37,10) -> 6 | AR38: =MOD(AP38+AP37,10) -> 6 | AS38: =IF(AQ38=AR38,TRUE,IF(AR38="SKIPPED","SKIPPED",IF(AR38="N/A","BLANK",FALSE))) -> TRUE | AT38: 8 | AU38: =MOD(AT38+AT37,10) -> 4 | AV38: =MOD(AT38+AT37,10) -> 4 | AW38: =IF(AU38=AV38,TRUE,IF(AV38="SKIPPED","SKIPPED",IF(AV38="N/A","BLANK",FALSE))) -> TRUE | AX38: 4 | AY38: =MOD(AX38+AX37,10) -> 1 | AZ38: =MOD(AX38+AX37,10) -> 1 | BA38: =IF(AY38=AZ38,TRUE,IF(AZ38="SKIPPED","SKIPPED",IF(AZ38="N/A","BLANK",FALSE))) -> TRUE | BB38: 9 | BC38: =MOD(BB38+BB37,10) -> 2 | BD38: =MOD(BB38+BB37,10) -> 2 | BE38: =IF(BC38=BD38,TRUE,IF(BD38="SKIPPED","SKIPPED",IF(BD38="N/A","BLANK",FALSE))) -> TRUE | BF38: 9 | BG38: =MOD(BF38+BF37,10) -> 0 | BH38: =MOD(BF38+BF37,10) -> 0 | BI38: =IF(BG38=BH38,TRUE,IF(BH38="SKIPPED","SKIPPED",IF(BH38="N/A","BLANK",FALSE))) -> TRUE | BJ38: 4 | BK38: =MOD(BJ38+BJ37,10) -> 6 | BL38: =MOD(BJ38+BJ37,10) -> 6 | BM38: =IF(BK38=BL38,TRUE,IF(BL38="SKIPPED","SKIPPED",IF(BL38="N/A","BLANK",FALSE))) -> TRUE | BN38: 6 | BO38: =MOD(BN38+BN37,10) -> 9 | BP38: =MOD(BN38+BN37,10) -> 9 | BQ38: =IF(BO38=BP38,TRUE,IF(BP38="SKIPPED","SKIPPED",IF(BP38="N/A","BLANK",FALSE))) -> TRUE | BR38: 4 | BS38: =MOD(BR38+BR37,10) -> 3 | BT38: =MOD(BR38+BR37,10) -> 3 | BU38: =IF(BS38=BT38,TRUE,IF(BT38="SKIPPED","SKIPPED",IF(BT38="N/A","BLANK",FALSE))) -> TRUE | BV38: 7 | BW38: =MOD(BV38+BV37,10) -> 2 | BX38: =MOD(BV38+BV37,10) -> 2 | BY38: =IF(BW38=BX38,TRUE,IF(BX38="SKIPPED","SKIPPED",IF(BX38="N/A","BLANK",FALSE))) -> TRUE | BZ38: 7 | CA38: =MOD(BZ38+BZ37,10) -> 3 | CB38: 7 | CC38: =IF(CA38=CB38,TRUE,IF(CB38="SKIPPED","SKIPPED",IF(CB38="N/A","BLANK",FALSE))) -> FALSE | CD38: 9 | CE38: =MOD(CD38+CD37,10) -> 7 | CF38: =MOD(CD38+CD37,10) -> 7 | CG38: =IF(CE38=CF38,TRUE,IF(CF38="SKIPPED","SKIPPED",IF(CF38="N/A","BLANK",FALSE))) -> TRUE | CH38: 6 | CI38: =MOD(CH38+CH37,10) -> 3 | CJ38: =MOD(CH38+CH37,10) -> 3 | CK38: =IF(CI38=CJ38,TRUE,IF(CJ38="SKIPPED","SKIPPED",IF(CJ38="N/A","BLANK",FALSE))) -> TRUE | CL38: 5 | CM38: =MOD(CL38+CL37,10) -> 2 | CN38: =MOD(CL38+CL37,10) -> 2 | CO38: =IF(CM38=CN38,TRUE,IF(CN38="SKIPPED","SKIPPED",IF(CN38="N/A","BLANK",FALSE))) -> TRUE | CP38: 9 | CQ38: =MOD(CP38+CP37,10) -> 7 | CR38: =MOD(CP38+CP37,10) -> 7 | CS38: =IF(CQ38=CR38,TRUE,IF(CR38="SKIPPED","SKIPPED",IF(CR38="N/A","BLANK",FALSE))) -> TRUE | CT38: 8 | CU38: =MOD(CT38+CT37,10) -> 6 | CV38: =MOD(CT38+CT37,10) -> 6 | CW38: =IF(CU38=CV38,TRUE,IF(CV38="SKIPPED","SKIPPED",IF(CV38="N/A","BLANK",FALSE))) -> TRUE | CX38: 4 | CY38: =MOD(CX38+CX37,10) -> 1 | CZ38: N/A | DA38: =IF(CY38=CZ38,TRUE,IF(CZ38="SKIPPED","SKIPPED",IF(CZ38="N/A","BLANK",FALSE))) -> BLANK | DB38: 8 | DC38: =MOD(DB38+DB37,10) -> 6 | DD38: =MOD(DB38+DB37,10) -> 6 | DE38: =IF(DC38=DD38,TRUE,IF(DD38="SKIPPED","SKIPPED",IF(DD38="N/A","BLANK",FALSE))) -> TRUE | DF38: 4 | DG38: =MOD(DF38+DF37,10) -> 5 | DH38: =MOD(DF38+DF37,10) -> 5 | DI38: =IF(DG38=DH38,TRUE,IF(DH38="SKIPPED","SKIPPED",IF(DH38="N/A","BLANK",FALSE))) -> TRUE | DJ38: 6 | DK38: =MOD(DJ38+DJ37,10) -> 3 | DL38: =MOD(DJ38+DJ37,10) -> 3 | DM38: =IF(DK38=DL38,TRUE,IF(DL38="SKIPPED","SKIPPED",IF(DL38="N/A","BLANK",FALSE))) -> TRUE | DN38: 8 | DO38: =MOD(DN38+DN37,10) -> 3 | DP38: =MOD(DN38+DN37,10) -> 3 | DQ38: =IF(DO38=DP38,TRUE,IF(DP38="SKIPPED","SKIPPED",IF(DP38="N/A","BLANK",FALSE))) -> TRUE | DR38: 6 | DS38: =MOD(DR38+DR37,10) -> 1 | DT38: =MOD(DR38+DR37,10) -> 1 | DU38: =IF(DS38=DT38,TRUE,IF(DT38="SKIPPED","SKIPPED",IF(DT38="N/A","BLANK",FALSE))) -> TRUE | DV38: 2 | DW38: =MOD(DV38+DV37,10) -> 0 | DX38: =MOD(DV38+DV37,10) -> 0 | DY38: =IF(DW38=DX38,TRUE,IF(DX38="SKIPPED","SKIPPED",IF(DX38="N/A","BLANK",FALSE))) -> TRUE | DZ38: 2 | EA38: =MOD(DZ38+DZ37,10) -> 0 | EB38: =MOD(DZ38+DZ37,10) -> 0 | EC38: =IF(EA38=EB38,TRUE,IF(EB38="SKIPPED","SKIPPED",IF(EB38="N/A","BLANK",FALSE))) -> TRUE | ED38: 3 | EE38: =MOD(ED38+ED37,10) -> 5 | EF38: =MOD(ED38+ED37,10) -> 5 | EG38: =IF(EE38=EF38,TRUE,IF(EF38="SKIPPED","SKIPPED",IF(EF38="N/A","BLANK",FALSE))) -> TRUE | EH38: 2 | EI38: =MOD(EH38+EH37,10) -> 1 | EJ38: =MOD(EH38+EH37,10) -> 1 | EK38: =IF(EI38=EJ38,TRUE,IF(EJ38="SKIPPED","SKIPPED",IF(EJ38="N/A","BLANK",FALSE))) -> TRUE | EL38: 9 | EM38: =MOD(EL38+EL37,10) -> 8 | EN38: =MOD(EL38+EL37,10) -> 8 | EO38: =IF(EM38=EN38,TRUE,IF(EN38="SKIPPED","SKIPPED",IF(EN38="N/A","BLANK",FALSE))) -> TRUE | EP38: 4 | EQ38: =MOD(EP38+EP37,10) -> 2 | ER38: =MOD(EP38+EP37,10) -> 2 | ES38: =IF(EQ38=ER38,TRUE,IF(ER38="SKIPPED","SKIPPED",IF(ER38="N/A","BLANK",FALSE))) -> TRUE | ET38: 2 | EU38: =MOD(ET38+ET37,10) -> 8 | EV38: =MOD(ET38+ET37,10) -> 8 | EW38: =IF(EU38=EV38,TRUE,IF(EV38="SKIPPED","SKIPPED",IF(EV38="N/A","BLANK",FALSE))) -> TRUE | EX38: 9 | EY38: =MOD(EX38+EX37,10) -> 4 | EZ38: =MOD(EX38+EX37,10) -> 4 | FA38: =IF(EY38=EZ38,TRUE,IF(EZ38="SKIPPED","SKIPPED",IF(EZ38="N/A","BLANK",FALSE))) -> TRUE | FB38: 3 | FC38: =MOD(FB38+FB37,10) -> 1 | FD38: =MOD(FB38+FB37,10) -> 1 | FE38: =IF(FC38=FD38,TRUE,IF(FD38="SKIPPED","SKIPPED",IF(FD38="N/A","BLANK",FALSE))) -> TRUE
A39: 19 | B39: 9 | C39: =MOD(B39+B38,10) -> 1 | D39: =MOD(B39+B38,10) -> 1 | E39: =IF(C39=D39,TRUE,IF(D39="SKIPPED","SKIPPED",IF(D39="N/A","BLANK",FALSE))) -> TRUE | F39: 5 | G39: =MOD(F39+F38,10) -> 2 | H39: =MOD(F39+F38,10) -> 2 | I39: =IF(G39=H39,TRUE,IF(H39="SKIPPED","SKIPPED",IF(H39="N/A","BLANK",FALSE))) -> TRUE | J39: 5 | K39: =MOD(J39+J38,10) -> 1 | L39: =MOD(J39+J38,10) -> 1 | M39: =IF(K39=L39,TRUE,IF(L39="SKIPPED","SKIPPED",IF(L39="N/A","BLANK",FALSE))) -> TRUE | N39: 9 | O39: =MOD(N39+N38,10) -> 4 | P39: =MOD(N39+N38,10) -> 4 | Q39: =IF(O39=P39,TRUE,IF(P39="SKIPPED","SKIPPED",IF(P39="N/A","BLANK",FALSE))) -> TRUE | R39: 9 | S39: =MOD(R39+R38,10) -> 1 | T39: =MOD(R39+R38,10) -> 1 | U39: =IF(S39=T39,TRUE,IF(T39="SKIPPED","SKIPPED",IF(T39="N/A","BLANK",FALSE))) -> TRUE | V39: 9 | W39: =MOD(V39+V38,10) -> 8 | X39: =MOD(V39+V38,10) -> 8 | Y39: =IF(W39=X39,TRUE,IF(X39="SKIPPED","SKIPPED",IF(X39="N/A","BLANK",FALSE))) -> TRUE | Z39: 6 | AA39: =MOD(Z39+Z38,10) -> 4 | AB39: =MOD(Z39+Z38,10) -> 4 | AC39: =IF(AA39=AB39,TRUE,IF(AB39="SKIPPED","SKIPPED",IF(AB39="N/A","BLANK",FALSE))) -> TRUE | AD39: 9 | AE39: =MOD(AD39+AD38,10) -> 7 | AF39: =MOD(AD39+AD38,10) -> 7 | AG39: =IF(AE39=AF39,TRUE,IF(AF39="SKIPPED","SKIPPED",IF(AF39="N/A","BLANK",FALSE))) -> TRUE | AH39: 6 | AI39: =MOD(AH39+AH38,10) -> 2 | AJ39: =MOD(AH39+AH38,10) -> 2 | AK39: =IF(AI39=AJ39,TRUE,IF(AJ39="SKIPPED","SKIPPED",IF(AJ39="N/A","BLANK",FALSE))) -> TRUE | AL39: 2 | AM39: =MOD(AL39+AL38,10) -> 1 | AN39: =MOD(AL39+AL38,10) -> 1 | AO39: =IF(AM39=AN39,TRUE,IF(AN39="SKIPPED","SKIPPED",IF(AN39="N/A","BLANK",FALSE))) -> TRUE | AP39: 4 | AQ39: =MOD(AP39+AP38,10) -> 3 | AR39: =MOD(AP39+AP38,10) -> 3 | AS39: =IF(AQ39=AR39,TRUE,IF(AR39="SKIPPED","SKIPPED",IF(AR39="N/A","BLANK",FALSE))) -> TRUE | AT39: 7 | AU39: =MOD(AT39+AT38,10) -> 5 | AV39: =MOD(AT39+AT38,10) -> 5 | AW39: =IF(AU39=AV39,TRUE,IF(AV39="SKIPPED","SKIPPED",IF(AV39="N/A","BLANK",FALSE))) -> TRUE | AX39: 4 | AY39: =MOD(AX39+AX38,10) -> 8 | AZ39: =MOD(AX39+AX38,10) -> 8 | BA39: =IF(AY39=AZ39,TRUE,IF(AZ39="SKIPPED","SKIPPED",IF(AZ39="N/A","BLANK",FALSE))) -> TRUE | BB39: 5 | BC39: =MOD(BB39+BB38,10) -> 4 | BD39: =MOD(BB39+BB38,10) -> 4 | BE39: =IF(BC39=BD39,TRUE,IF(BD39="SKIPPED","SKIPPED",IF(BD39="N/A","BLANK",FALSE))) -> TRUE | BF39: 2 | BG39: =MOD(BF39+BF38,10) -> 1 | BH39: =MOD(BF39+BF38,10) -> 1 | BI39: =IF(BG39=BH39,TRUE,IF(BH39="SKIPPED","SKIPPED",IF(BH39="N/A","BLANK",FALSE))) -> TRUE | BJ39: 9 | BK39: =MOD(BJ39+BJ38,10) -> 3 | BL39: =MOD(BJ39+BJ38,10) -> 3 | BM39: =IF(BK39=BL39,TRUE,IF(BL39="SKIPPED","SKIPPED",IF(BL39="N/A","BLANK",FALSE))) -> TRUE | BN39: 8 | BO39: =MOD(BN39+BN38,10) -> 4 | BP39: =MOD(BN39+BN38,10) -> 4 | BQ39: =IF(BO39=BP39,TRUE,IF(BP39="SKIPPED","SKIPPED",IF(BP39="N/A","BLANK",FALSE))) -> TRUE | BR39: 5 | BS39: =MOD(BR39+BR38,10) -> 9 | BT39: =MOD(BR39+BR38,10) -> 9 | BU39: =IF(BS39=BT39,TRUE,IF(BT39="SKIPPED","SKIPPED",IF(BT39="N/A","BLANK",FALSE))) -> TRUE | BV39: 8 | BW39: =MOD(BV39+BV38,10) -> 5 | BX39: =MOD(BV39+BV38,10) -> 5 | BY39: =IF(BW39=BX39,TRUE,IF(BX39="SKIPPED","SKIPPED",IF(BX39="N/A","BLANK",FALSE))) -> TRUE | BZ39: 4 | CA39: =MOD(BZ39+BZ38,10) -> 1 | CB39: =MOD(BZ39+BZ38,10) -> 1 | CC39: =IF(CA39=CB39,TRUE,IF(CB39="SKIPPED","SKIPPED",IF(CB39="N/A","BLANK",FALSE))) -> TRUE | CD39: 2 | CE39: =MOD(CD39+CD38,10) -> 1 | CF39: =MOD(CD39+CD38,10) -> 1 | CG39: =IF(CE39=CF39,TRUE,IF(CF39="SKIPPED","SKIPPED",IF(CF39="N/A","BLANK",FALSE))) -> TRUE | CH39: 9 | CI39: =MOD(CH39+CH38,10) -> 5 | CJ39: =MOD(CH39+CH38,10) -> 5 | CK39: =IF(CI39=CJ39,TRUE,IF(CJ39="SKIPPED","SKIPPED",IF(CJ39="N/A","BLANK",FALSE))) -> TRUE | CL39: 5 | CM39: =MOD(CL39+CL38,10) -> 0 | CN39: =MOD(CL39+CL38,10) -> 0 | CO39: =IF(CM39=CN39,TRUE,IF(CN39="SKIPPED","SKIPPED",IF(CN39="N/A","BLANK",FALSE))) -> TRUE | CP39: 5 | CQ39: =MOD(CP39+CP38,10) -> 4 | CR39: =MOD(CP39+CP38,10) -> 4 | CS39: =IF(CQ39=CR39,TRUE,IF(CR39="SKIPPED","SKIPPED",IF(CR39="N/A","BLANK",FALSE))) -> TRUE | CT39: 3 | CU39: =MOD(CT39+CT38,10) -> 1 | CV39: 9 | CW39: =IF(CU39=CV39,TRUE,IF(CV39="SKIPPED","SKIPPED",IF(CV39="N/A","BLANK",FALSE))) -> FALSE | CX39: 9 | CY39: =MOD(CX39+CX38,10) -> 3 | CZ39: =MOD(CX39+CX38,10) -> 3 | DA39: =IF(CY39=CZ39,TRUE,IF(CZ39="SKIPPED","SKIPPED",IF(CZ39="N/A","BLANK",FALSE))) -> TRUE | DB39: 9 | DC39: =MOD(DB39+DB38,10) -> 7 | DD39: =MOD(DB39+DB38,10) -> 7 | DE39: =IF(DC39=DD39,TRUE,IF(DD39="SKIPPED","SKIPPED",IF(DD39="N/A","BLANK",FALSE))) -> TRUE | DF39: 7 | DG39: =MOD(DF39+DF38,10) -> 1 | DH39: =MOD(DF39+DF38,10) -> 1 | DI39: =IF(DG39=DH39,TRUE,IF(DH39="SKIPPED","SKIPPED",IF(DH39="N/A","BLANK",FALSE))) -> TRUE | DJ39: 4 | DK39: =MOD(DJ39+DJ38,10) -> 0 | DL39: =MOD(DJ39+DJ38,10) -> 0 | DM39: =IF(DK39=DL39,TRUE,IF(DL39="SKIPPED","SKIPPED",IF(DL39="N/A","BLANK",FALSE))) -> TRUE | DN39: 9 | DO39: =MOD(DN39+DN38,10) -> 7 | DP39: =MOD(DN39+DN38,10) -> 7 | DQ39: =IF(DO39=DP39,TRUE,IF(DP39="SKIPPED","SKIPPED",IF(DP39="N/A","BLANK",FALSE))) -> TRUE | DR39: 7 | DS39: =MOD(DR39+DR38,10) -> 3 | DT39: =MOD(DR39+DR38,10) -> 3 | DU39: =IF(DS39=DT39,TRUE,IF(DT39="SKIPPED","SKIPPED",IF(DT39="N/A","BLANK",FALSE))) -> TRUE | DV39: 5 | DW39: =MOD(DV39+DV38,10) -> 7 | DX39: =MOD(DV39+DV38,10) -> 7 | DY39: =IF(DW39=DX39,TRUE,IF(DX39="SKIPPED","SKIPPED",IF(DX39="N/A","BLANK",FALSE))) -> TRUE | DZ39: 4 | EA39: =MOD(DZ39+DZ38,10) -> 6 | EB39: =MOD(DZ39+DZ38,10) -> 6 | EC39: =IF(EA39=EB39,TRUE,IF(EB39="SKIPPED","SKIPPED",IF(EB39="N/A","BLANK",FALSE))) -> TRUE | ED39: 6 | EE39: =MOD(ED39+ED38,10) -> 9 | EF39: =MOD(ED39+ED38,10) -> 9 | EG39: =IF(EE39=EF39,TRUE,IF(EF39="SKIPPED","SKIPPED",IF(EF39="N/A","BLANK",FALSE))) -> TRUE | EH39: 3 | EI39: =MOD(EH39+EH38,10) -> 5 | EJ39: =MOD(EH39+EH38,10) -> 5 | EK39: =IF(EI39=EJ39,TRUE,IF(EJ39="SKIPPED","SKIPPED",IF(EJ39="N/A","BLANK",FALSE))) -> TRUE | EL39: 7 | EM39: =MOD(EL39+EL38,10) -> 6 | EN39: =MOD(EL39+EL38,10) -> 6 | EO39: =IF(EM39=EN39,TRUE,IF(EN39="SKIPPED","SKIPPED",IF(EN39="N/A","BLANK",FALSE))) -> TRUE | EP39: 4 | EQ39: =MOD(EP39+EP38,10) -> 8 | ER39: =MOD(EP39+EP38,10) -> 8 | ES39: =IF(EQ39=ER39,TRUE,IF(ER39="SKIPPED","SKIPPED",IF(ER39="N/A","BLANK",FALSE))) -> TRUE | ET39: 8 | EU39: =MOD(ET39+ET38,10) -> 0 | EV39: =MOD(ET39+ET38,10) -> 0 | EW39: =IF(EU39=EV39,TRUE,IF(EV39="SKIPPED","SKIPPED",IF(EV39="N/A","BLANK",FALSE))) -> TRUE | EX39: 2 | EY39: =MOD(EX39+EX38,10) -> 1 | EZ39: =MOD(EX39+EX38,10) -> 1 | FA39: =IF(EY39=EZ39,TRUE,IF(EZ39="SKIPPED","SKIPPED",IF(EZ39="N/A","BLANK",FALSE))) -> TRUE | FB39: 7 | FC39: =MOD(FB39+FB38,10) -> 0 | FD39: =MOD(FB39+FB38,10) -> 0 | FE39: =IF(FC39=FD39,TRUE,IF(FD39="SKIPPED","SKIPPED",IF(FD39="N/A","BLANK",FALSE))) -> TRUE
A40: 18 | B40: 4 | C40: =MOD(B40+B39,10) -> 3 | D40: =MOD(B40+B39,10) -> 3 | E40: =IF(C40=D40,TRUE,IF(D40="SKIPPED","SKIPPED",IF(D40="N/A","BLANK",FALSE))) -> TRUE | F40: 2 | G40: =MOD(F40+F39,10) -> 7 | H40: =MOD(F40+F39,10) -> 7 | I40: =IF(G40=H40,TRUE,IF(H40="SKIPPED","SKIPPED",IF(H40="N/A","BLANK",FALSE))) -> TRUE | J40: 2 | K40: =MOD(J40+J39,10) -> 7 | L40: =MOD(J40+J39,10) -> 7 | M40: =IF(K40=L40,TRUE,IF(L40="SKIPPED","SKIPPED",IF(L40="N/A","BLANK",FALSE))) -> TRUE | N40: 4 | O40: =MOD(N40+N39,10) -> 3 | P40: =MOD(N40+N39,10) -> 3 | Q40: =IF(O40=P40,TRUE,IF(P40="SKIPPED","SKIPPED",IF(P40="N/A","BLANK",FALSE))) -> TRUE | R40: 6 | S40: =MOD(R40+R39,10) -> 5 | T40: =MOD(R40+R39,10) -> 5 | U40: =IF(S40=T40,TRUE,IF(T40="SKIPPED","SKIPPED",IF(T40="N/A","BLANK",FALSE))) -> TRUE | V40: 8 | W40: =MOD(V40+V39,10) -> 7 | X40: =MOD(V40+V39,10) -> 7 | Y40: =IF(W40=X40,TRUE,IF(X40="SKIPPED","SKIPPED",IF(X40="N/A","BLANK",FALSE))) -> TRUE | Z40: 4 | AA40: =MOD(Z40+Z39,10) -> 0 | AB40: =MOD(Z40+Z39,10) -> 0 | AC40: =IF(AA40=AB40,TRUE,IF(AB40="SKIPPED","SKIPPED",IF(AB40="N/A","BLANK",FALSE))) -> TRUE | AD40: 3 | AE40: =MOD(AD40+AD39,10) -> 2 | AF40: =MOD(AD40+AD39,10) -> 2 | AG40: =IF(AE40=AF40,TRUE,IF(AF40="SKIPPED","SKIPPED",IF(AF40="N/A","BLANK",FALSE))) -> TRUE | AH40: 7 | AI40: =MOD(AH40+AH39,10) -> 3 | AJ40: =MOD(AH40+AH39,10) -> 3 | AK40: =IF(AI40=AJ40,TRUE,IF(AJ40="SKIPPED","SKIPPED",IF(AJ40="N/A","BLANK",FALSE))) -> TRUE | AL40: 5 | AM40: =MOD(AL40+AL39,10) -> 7 | AN40: =MOD(AL40+AL39,10) -> 7 | AO40: =IF(AM40=AN40,TRUE,IF(AN40="SKIPPED","SKIPPED",IF(AN40="N/A","BLANK",FALSE))) -> TRUE | AP40: 2 | AQ40: =MOD(AP40+AP39,10) -> 6 | AR40: =MOD(AP40+AP39,10) -> 6 | AS40: =IF(AQ40=AR40,TRUE,IF(AR40="SKIPPED","SKIPPED",IF(AR40="N/A","BLANK",FALSE))) -> TRUE | AT40: 2 | AU40: =MOD(AT40+AT39,10) -> 9 | AV40: =MOD(AT40+AT39,10) -> 9 | AW40: =IF(AU40=AV40,TRUE,IF(AV40="SKIPPED","SKIPPED",IF(AV40="N/A","BLANK",FALSE))) -> TRUE | AX40: 9 | AY40: =MOD(AX40+AX39,10) -> 3 | AZ40: =MOD(AX40+AX39,10) -> 3 | BA40: =IF(AY40=AZ40,TRUE,IF(AZ40="SKIPPED","SKIPPED",IF(AZ40="N/A","BLANK",FALSE))) -> TRUE | BB40: 5 | BC40: =MOD(BB40+BB39,10) -> 0 | BD40: =MOD(BB40+BB39,10) -> 0 | BE40: =IF(BC40=BD40,TRUE,IF(BD40="SKIPPED","SKIPPED",IF(BD40="N/A","BLANK",FALSE))) -> TRUE | BF40: 2 | BG40: =MOD(BF40+BF39,10) -> 4 | BH40: =MOD(BF40+BF39,10) -> 4 | BI40: =IF(BG40=BH40,TRUE,IF(BH40="SKIPPED","SKIPPED",IF(BH40="N/A","BLANK",FALSE))) -> TRUE | BJ40: 7 | BK40: =MOD(BJ40+BJ39,10) -> 6 | BL40: =MOD(BJ40+BJ39,10) -> 6 | BM40: =IF(BK40=BL40,TRUE,IF(BL40="SKIPPED","SKIPPED",IF(BL40="N/A","BLANK",FALSE))) -> TRUE | BN40: 7 | BO40: =MOD(BN40+BN39,10) -> 5 | BP40: =MOD(BN40+BN39,10) -> 5 | BQ40: =IF(BO40=BP40,TRUE,IF(BP40="SKIPPED","SKIPPED",IF(BP40="N/A","BLANK",FALSE))) -> TRUE | BR40: 3 | BS40: =MOD(BR40+BR39,10) -> 8 | BT40: =MOD(BR40+BR39,10) -> 8 | BU40: =IF(BS40=BT40,TRUE,IF(BT40="SKIPPED","SKIPPED",IF(BT40="N/A","BLANK",FALSE))) -> TRUE | BV40: 8 | BW40: =MOD(BV40+BV39,10) -> 6 | BX40: =MOD(BV40+BV39,10) -> 6 | BY40: =IF(BW40=BX40,TRUE,IF(BX40="SKIPPED","SKIPPED",IF(BX40="N/A","BLANK",FALSE))) -> TRUE | BZ40: 8 | CA40: =MOD(BZ40+BZ39,10) -> 2 | CB40: =MOD(BZ40+BZ39,10) -> 2 | CC40: =IF(CA40=CB40,TRUE,IF(CB40="SKIPPED","SKIPPED",IF(CB40="N/A","BLANK",FALSE))) -> TRUE | CD40: 5 | CE40: =MOD(CD40+CD39,10) -> 7 | CF40: =MOD(CD40+CD39,10) -> 7 | CG40: =IF(CE40=CF40,TRUE,IF(CF40="SKIPPED","SKIPPED",IF(CF40="N/A","BLANK",FALSE))) -> TRUE | CH40: 5 | CI40: =MOD(CH40+CH39,10) -> 4 | CJ40: =MOD(CH40+CH39,10) -> 4 | CK40: =IF(CI40=CJ40,TRUE,IF(CJ40="SKIPPED","SKIPPED",IF(CJ40="N/A","BLANK",FALSE))) -> TRUE | CL40: 2 | CM40: =MOD(CL40+CL39,10) -> 7 | CN40: =MOD(CL40+CL39,10) -> 7 | CO40: =IF(CM40=CN40,TRUE,IF(CN40="SKIPPED","SKIPPED",IF(CN40="N/A","BLANK",FALSE))) -> TRUE | CP40: 2 | CQ40: =MOD(CP40+CP39,10) -> 7 | CR40: =MOD(CP40+CP39,10) -> 7 | CS40: =IF(CQ40=CR40,TRUE,IF(CR40="SKIPPED","SKIPPED",IF(CR40="N/A","BLANK",FALSE))) -> TRUE | CT40: 5 | CU40: =MOD(CT40+CT39,10) -> 8 | CV40: =MOD(CT40+CT39,10) -> 8 | CW40: =IF(CU40=CV40,TRUE,IF(CV40="SKIPPED","SKIPPED",IF(CV40="N/A","BLANK",FALSE))) -> TRUE | CX40: 6 | CY40: =MOD(CX40+CX39,10) -> 5 | CZ40: =MOD(CX40+CX39,10) -> 5 | DA40: =IF(CY40=CZ40,TRUE,IF(CZ40="SKIPPED","SKIPPED",IF(CZ40="N/A","BLANK",FALSE))) -> TRUE | DB40: 2 | DC40: =MOD(DB40+DB39,10) -> 1 | DD40: =MOD(DB40+DB39,10) -> 1 | DE40: =IF(DC40=DD40,TRUE,IF(DD40="SKIPPED","SKIPPED",IF(DD40="N/A","BLANK",FALSE))) -> TRUE | DF40: 7 | DG40: =MOD(DF40+DF39,10) -> 4 | DH40: =MOD(DF40+DF39,10) -> 4 | DI40: =IF(DG40=DH40,TRUE,IF(DH40="SKIPPED","SKIPPED",IF(DH40="N/A","BLANK",FALSE))) -> TRUE | DJ40: 5 | DK40: =MOD(DJ40+DJ39,10) -> 9 | DL40: =MOD(DJ40+DJ39,10) -> 9 | DM40: =IF(DK40=DL40,TRUE,IF(DL40="SKIPPED","SKIPPED",IF(DL40="N/A","BLANK",FALSE))) -> TRUE | DN40: 7 | DO40: =MOD(DN40+DN39,10) -> 6 | DP40: =MOD(DN40+DN39,10) -> 6 | DQ40: =IF(DO40=DP40,TRUE,IF(DP40="SKIPPED","SKIPPED",IF(DP40="N/A","BLANK",FALSE))) -> TRUE | DR40: 3 | DS40: =MOD(DR40+DR39,10) -> 0 | DT40: =MOD(DR40+DR39,10) -> 0 | DU40: =IF(DS40=DT40,TRUE,IF(DT40="SKIPPED","SKIPPED",IF(DT40="N/A","BLANK",FALSE))) -> TRUE | DV40: 8 | DW40: =MOD(DV40+DV39,10) -> 3 | DX40: =MOD(DV40+DV39,10) -> 3 | DY40: =IF(DW40=DX40,TRUE,IF(DX40="SKIPPED","SKIPPED",IF(DX40="N/A","BLANK",FALSE))) -> TRUE | DZ40: 4 | EA40: =MOD(DZ40+DZ39,10) -> 8 | EB40: =MOD(DZ40+DZ39,10) -> 8 | EC40: =IF(EA40=EB40,TRUE,IF(EB40="SKIPPED","SKIPPED",IF(EB40="N/A","BLANK",FALSE))) -> TRUE | ED40: 6 | EE40: =MOD(ED40+ED39,10) -> 2 | EF40: 7 | EG40: =IF(EE40=EF40,TRUE,IF(EF40="SKIPPED","SKIPPED",IF(EF40="N/A","BLANK",FALSE))) -> FALSE | EH40: 3 | EI40: =MOD(EH40+EH39,10) -> 6 | EJ40: =MOD(EH40+EH39,10) -> 6 | EK40: =IF(EI40=EJ40,TRUE,IF(EJ40="SKIPPED","SKIPPED",IF(EJ40="N/A","BLANK",FALSE))) -> TRUE | EL40: 3 | EM40: =MOD(EL40+EL39,10) -> 0 | EN40: =MOD(EL40+EL39,10) -> 0 | EO40: =IF(EM40=EN40,TRUE,IF(EN40="SKIPPED","SKIPPED",IF(EN40="N/A","BLANK",FALSE))) -> TRUE | EP40: 5 | EQ40: =MOD(EP40+EP39,10) -> 9 | ER40: =MOD(EP40+EP39,10) -> 9 | ES40: =IF(EQ40=ER40,TRUE,IF(ER40="SKIPPED","SKIPPED",IF(ER40="N/A","BLANK",FALSE))) -> TRUE | ET40: 8 | EU40: =MOD(ET40+ET39,10) -> 6 | EV40: =MOD(ET40+ET39,10) -> 6 | EW40: =IF(EU40=EV40,TRUE,IF(EV40="SKIPPED","SKIPPED",IF(EV40="N/A","BLANK",FALSE))) -> TRUE | EX40: 6 | EY40: =MOD(EX40+EX39,10) -> 8 | EZ40: =MOD(EX40+EX39,10) -> 8 | FA40: =IF(EY40=EZ40,TRUE,IF(EZ40="SKIPPED","SKIPPED",IF(EZ40="N/A","BLANK",FALSE))) -> TRUE | FB40: 6 | FC40: =MOD(FB40+FB39,10) -> 3 | FD40: =MOD(FB40+FB39,10) -> 3 | FE40: =IF(FC40=FD40,TRUE,IF(FD40="SKIPPED","SKIPPED",IF(FD40="N/A","BLANK",FALSE))) -> TRUE
